playerID,overallrating,Height,Weight,GKdiving,GKhandling,GKkicking,GKpositioning,GKreflexes
242656,69,195,73,70.0,67.0,70.0,67.0,73.0
244316,78,190,82,79.0,76.0,65.0,76.0,79.0
242879,68,187,78,72.0,67.0,64.0,59.0,71.0
234642,79,198,86,80.0,77.0,75.0,79.0,79.0
233306,80,190,84,80.0,80.0,70.0,77.0,83.0
243952,75,193,87,72.0,71.0,74.0,75.0,77.0
230621,85,195,89,89.0,81.0,76.0,83.0,89.0
226753,84,190,92,84.0,80.0,87.0,82.0,86.0
223885,75,193,86,75.0,65.0,71.0,76.0,85.0
206585,82,185,87,81.0,82.0,85.0,79.0,82.0
228736,75,175,83,73.0,70.0,69.0,74.0,78.0
225116,78,190,83,79.0,74.0,70.0,77.0,82.0
204935,81,185,77,81.0,77.0,87.0,77.0,85.0
212831,90,190,91,86.0,88.0,85.0,91.0,89.0
167495,89,193,92,87.0,87.0,91.0,86.0,89.0
192448,90,187,84,88.0,85.0,88.0,88.0,90.0
233934,75,187,77,76.0,73.0,69.0,73.0,77.0
200389,91,187,87,87.0,92.0,78.0,90.0,90.0
211990,81,187,77,84.0,76.0,67.0,77.0,86.0
202811,78,195,89,78.0,80.0,78.0,77.0,77.0
193080,86,193,82,88.0,81.0,78.0,82.0,89.0
230869,80,190,88,81.0,77.0,68.0,83.0,80.0
231691,78,193,82,79.0,76.0,70.0,75.0,82.0
212151,83,193,78,86.0,79.0,75.0,81.0,88.0
234777,76,190,86,77.0,72.0,73.0,71.0,83.0
192119,89,198,96,84.0,89.0,74.0,85.0,88.0
235266,66,193,83,69.0,66.0,67.0,65.0,69.0
211515,79,193,93,81.0,75.0,69.0,79.0,81.0
222562,70,185,76,71.0,68.0,72.0,70.0,71.0
193105,82,195,93,85.0,79.0,80.0,78.0,84.0
186569,79,193,87,79.0,71.0,68.0,79.0,84.0
210257,88,187,86,86.0,82.0,93.0,86.0,88.0
192563,85,190,82,85.0,83.0,80.0,84.0,86.0
241671,80,187,78,80.0,78.0,74.0,79.0,82.0
215698,82,190,91,80.0,80.0,82.0,82.0,83.0
221087,83,187,77,82.0,83.0,79.0,82.0,84.0
1179,82,193,92,77.0,76.0,74.0,91.0,78.0
203841,82,200,76,79.0,81.0,75.0,83.0,84.0
235073,75,193,87,75.0,71.0,75.0,73.0,78.0
228413,77,193,83,80.0,73.0,73.0,74.0,80.0
243585,60,187,78,60.0,59.0,56.0,59.0,60.0
239816,69,193,84,70.0,69.0,64.0,69.0,70.0
167948,87,187,82,89.0,82.0,68.0,84.0,90.0
203775,78,187,87,82.0,72.0,78.0,76.0,81.0
230872,67,187,81,70.0,64.0,63.0,64.0,68.0
201976,76,195,79,77.0,77.0,70.0,75.0,75.0
234577,70,187,81,69.0,66.0,59.0,71.0,73.0
234833,76,193,84,75.0,73.0,71.0,73.0,80.0
232229,76,187,76,78.0,72.0,75.0,73.0,77.0
206003,76,187,92,80.0,74.0,71.0,72.0,79.0
243647,73,198,73,77.0,69.0,68.0,69.0,80.0
186153,87,195,89,86.0,82.0,73.0,87.0,88.0
220407,83,190,79,79.0,80.0,81.0,82.0,86.0
205659,81,182,78,84.0,78.0,69.0,76.0,88.0
150724,75,195,91,72.0,75.0,65.0,74.0,77.0
227127,80,190,83,83.0,72.0,78.0,81.0,81.0
215502,75,187,73,76.0,72.0,70.0,74.0,78.0
222951,74,195,86,76.0,71.0,72.0,70.0,75.0
228383,67,195,79,71.0,66.0,63.0,68.0,68.0
241727,79,190,84,78.0,77.0,74.0,79.0,81.0
203042,73,195,94,,68.0,66.0,,
201095,82,187,84,82.0,78.0,76.0,81.0,86.0
163587,84,187,88,82.0,77.0,83.0,79.0,89.0
193041,87,185,79,90.0,81.0,75.0,82.0,90.0
243675,67,203,84,67.0,66.0,64.0,66.0,69.0
162835,88,193,92,88.0,85.0,73.0,89.0,89.0
189117,84,187,84,85.0,82.0,72.0,82.0,88.0
210385,79,190,91,78.0,74.0,75.0,80.0,84.0
193314,83,182,78,84.0,78.0,74.0,81.0,86.0
233164,69,198,81,,,,,
214979,80,190,92,82.0,77.0,74.0,80.0,84.0
185122,85,190,86,84.0,85.0,82.0,84.0,86.0
178005,84,190,83,84.0,80.0,77.0,82.0,83.0
199482,83,182,81,85.0,80.0,74.0,80.0,86.0
222514,72,190,83,72.0,68.0,69.0,71.0,73.0
242948,64,193,83,62.0,63.0,65.0,62.0,63.0
215316,82,187,83,85.0,78.0,77.0,78.0,88.0
215223,81,190,92,80.0,79.0,77.0,80.0,83.0
204120,82,187,84,82.0,76.0,76.0,81.0,85.0
205186,77,195,89,80.0,76.0,84.0,77.0,80.0
237704,63,190,83,62.0,60.0,63.0,59.0,65.0
200316,77,193,89,78.0,78.0,60.0,73.0,79.0
238186,64,198,89,65.0,61.0,62.0,60.0,69.0
252154,66,190,83,65.0,66.0,58.0,66.0,70.0
258485,62,187,77,63.0,69.0,68.0,60.0,64.0
194404,82,190,83,84.0,79.0,78.0,79.0,80.0
233791,73,187,82,74.0,70.0,67.0,71.0,77.0
246139,65,182,78,66.0,61.0,66.0,62.0,67.0
247411,63,187,87,63.0,58.0,63.0,59.0,65.0
177683,86,182,78,80.0,86.0,85.0,87.0,85.0
245787,60,154,69,61.0,64.0,60.0,57.0,61.0
213407,65,198,92,63.0,65.0,65.0,64.0,66.0
179783,77,198,97,79.0,78.0,44.0,77.0,78.0
235183,73,182,73,73.0,72.0,69.0,72.0,74.0
240913,61,187,73,62.0,59.0,55.0,58.0,64.0
226300,77,190,82,75.0,73.0,70.0,76.0,80.0
224442,73,193,83,77.0,71.0,67.0,71.0,76.0
211101,76,187,69,79.0,75.0,73.0,76.0,74.0
223952,82,193,84,83.0,81.0,72.0,81.0,84.0
205849,81,193,83,77.0,79.0,82.0,82.0,83.0
236583,82,195,81,84.0,76.0,68.0,76.0,87.0
224440,71,195,87,73.0,66.0,72.0,70.0,73.0
199987,81,185,83,81.0,80.0,77.0,80.0,79.0
192984,83,198,86,83.0,80.0,80.0,83.0,84.0
140233,79,185,78,77.0,69.0,75.0,79.0,83.0
216325,74,195,77,76.0,72.0,70.0,72.0,78.0
201325,78,198,89,79.0,76.0,75.0,77.0,80.0
236823,73,154,79,77.0,64.0,79.0,68.0,79.0
173373,80,193,86,78.0,76.0,81.0,79.0,83.0
202789,79,190,83,78.0,76.0,71.0,78.0,81.0
245370,66,195,87,,70.0,58.0,,
177644,74,190,86,74.0,72.0,72.0,72.0,75.0
163705,83,185,82,81.0,81.0,78.0,81.0,84.0
232284,66,190,82,67.0,66.0,64.0,65.0,66.0
164835,81,190,83,80.0,82.0,70.0,81.0,82.0
178086,80,190,92,77.0,80.0,78.0,79.0,80.0
234383,70,185,83,73.0,67.0,62.0,65.0,75.0
199005,80,182,82,81.0,75.0,82.0,78.0,82.0
215213,70,190,84,74.0,72.0,75.0,68.0,70.0
194911,76,190,79,79.0,72.0,68.0,72.0,80.0
201269,76,190,79,77.0,72.0,67.0,76.0,78.0
213150,78,193,84,78.0,79.0,73.0,76.0,78.0
229091,69,193,73,72.0,65.0,72.0,64.0,73.0
230727,77,154,69,79.0,78.0,72.0,74.0,78.0
223550,77,187,79,77.0,75.0,73.0,75.0,79.0
190941,83,193,82,85.0,78.0,69.0,83.0,87.0
227290,81,193,93,78.0,80.0,79.0,81.0,82.0
209981,76,193,78,75.0,76.0,74.0,75.0,76.0
182494,82,190,73,84.0,76.0,75.0,82.0,83.0
258390,69,195,83,66.0,69.0,67.0,68.0,70.0
240123,64,187,83,66.0,61.0,61.0,58.0,67.0
244467,78,193,81,75.0,73.0,81.0,79.0,80.0
237176,60,190,69,62.0,59.0,59.0,58.0,62.0
223898,78,190,78,78.0,74.0,73.0,77.0,84.0
236239,63,187,83,66.0,61.0,59.0,62.0,66.0
252179,69,187,78,71.0,71.0,76.0,69.0,72.0
209960,82,185,81,81.0,79.0,71.0,83.0,84.0
24630,79,187,92,77.0,79.0,80.0,80.0,78.0
188943,83,187,87,82.0,78.0,79.0,83.0,85.0
178750,82,187,87,84.0,82.0,77.0,80.0,82.0
238070,60,185,78,62.0,57.0,56.0,58.0,63.0
190243,78,193,88,79.0,77.0,63.0,79.0,80.0
245865,62,190,83,63.0,63.0,59.0,63.0,63.0
227275,76,193,92,75.0,73.0,72.0,79.0,76.0
199574,68,193,92,67.0,67.0,61.0,66.0,71.0
200726,80,187,78,80.0,78.0,77.0,80.0,81.0
198009,82,187,77,82.0,82.0,71.0,79.0,87.0
168435,84,193,79,84.0,80.0,76.0,84.0,82.0
235413,68,193,78,69.0,65.0,62.0,70.0,67.0
163155,79,193,89,80.0,77.0,73.0,79.0,80.0
244364,66,190,83,65.0,63.0,59.0,66.0,70.0
224251,75,193,96,74.0,72.0,64.0,74.0,79.0
236378,66,187,73,68.0,68.0,59.0,62.0,72.0
174543,77,182,79,77.0,76.0,84.0,75.0,77.0
207557,78,195,86,78.0,77.0,76.0,78.0,78.0
246267,66,187,74,65.0,62.0,62.0,68.0,67.0
220932,75,200,98,78.0,74.0,48.0,76.0,76.0
104389,77,190,86,80.0,73.0,71.0,80.0,77.0
206561,72,195,72,72.0,72.0,70.0,66.0,74.0
211738,75,193,89,76.0,69.0,75.0,73.0,77.0
239342,75,185,81,73.0,78.0,68.0,72.0,74.0
247479,61,185,82,52.0,58.0,65.0,63.0,65.0
219754,73,190,87,77.0,70.0,63.0,72.0,76.0
172203,76,200,92,76.0,72.0,65.0,75.0,80.0
233763,67,193,89,67.0,64.0,65.0,65.0,68.0
139062,75,185,83,74.0,72.0,71.0,76.0,74.0
235740,71,193,87,71.0,70.0,67.0,73.0,73.0
206075,75,193,84,79.0,74.0,70.0,73.0,77.0
156433,74,187,82,74.0,74.0,70.0,75.0,
204846,69,198,92,70.0,69.0,63.0,65.0,73.0
220604,78,185,73,,,,,79.0
212710,66,187,69,66.0,65.0,65.0,64.0,67.0
193698,82,187,82,81.0,80.0,79.0,79.0,82.0
243048,57,187,78,59.0,56.0,57.0,56.0,58.0
258948,62,182,77,62.0,60.0,61.0,63.0,66.0
172553,73,195,88,73.0,74.0,68.0,71.0,75.0
178571,72,185,78,73.0,72.0,60.0,71.0,71.0
240311,67,182,78,67.0,63.0,63.0,64.0,69.0
238060,61,195,82,62.0,60.0,64.0,61.0,64.0
167628,81,187,92,80.0,81.0,74.0,82.0,81.0
239272,75,195,91,71.0,75.0,74.0,77.0,75.0
204883,75,185,78,77.0,69.0,73.0,71.0,79.0
212197,71,187,81,72.0,69.0,70.0,69.0,74.0
213951,75,195,92,77.0,72.0,68.0,73.0,75.0
2147,72,198,92,69.0,71.0,72.0,73.0,70.0
194333,77,190,81,78.0,73.0,64.0,74.0,80.0
250753,63,198,91,55.0,67.0,57.0,69.0,63.0
244363,66,190,87,63.0,65.0,60.0,70.0,65.0
243311,68,190,78,70.0,68.0,64.0,67.0,69.0
223909,65,190,84,66.0,65.0,64.0,64.0,66.0
140293,78,193,78,79.0,78.0,65.0,79.0,77.0
236613,68,190,87,68.0,65.0,62.0,64.0,73.0
179820,72,185,89,,71.0,70.0,,
253497,63,193,93,65.0,60.0,58.0,64.0,61.0
198513,77,182,78,81.0,75.0,65.0,73.0,79.0
241119,70,187,77,70.0,67.0,67.0,69.0,73.0
190778,76,187,87,76.0,74.0,76.0,76.0,78.0
193331,73,190,78,75.0,70.0,64.0,71.0,76.0
233267,74,190,87,74.0,71.0,66.0,79.0,75.0
214584,80,187,87,78.0,76.0,67.0,81.0,86.0
199575,81,154,68,82.0,82.0,72.0,77.0,84.0
206652,77,195,89,77.0,74.0,77.0,74.0,80.0
173426,81,193,87,80.0,75.0,76.0,84.0,82.0
225134,66,190,69,67.0,60.0,65.0,65.0,67.0
237419,73,185,79,72.0,70.0,70.0,72.0,74.0
220901,74,182,74,73.0,73.0,66.0,72.0,74.0
241859,64,193,83,61.0,62.0,66.0,64.0,67.0
176550,79,182,79,82.0,72.0,77.0,77.0,84.0
199833,77,198,102,77.0,76.0,73.0,75.0,78.0
198039,71,193,87,74.0,68.0,66.0,72.0,73.0
107298,72,195,88,71.0,72.0,67.0,71.0,73.0
157804,70,190,86,69.0,70.0,69.0,71.0,68.0
185427,72,193,89,72.0,67.0,77.0,73.0,73.0
257273,63,154,73,64.0,63.0,64.0,65.0,64.0
105846,73,193,87,73.0,72.0,66.0,75.0,71.0
207998,74,190,87,75.0,72.0,66.0,73.0,75.0
187363,63,182,83,64.0,61.0,67.0,57.0,61.0
202089,76,190,79,77.0,72.0,65.0,75.0,78.0
200110,79,193,84,82.0,76.0,67.0,76.0,79.0
192922,71,182,79,73.0,69.0,68.0,71.0,72.0
163264,78,187,92,78.0,77.0,74.0,78.0,79.0
251292,70,193,84,72.0,65.0,68.0,66.0,71.0
237935,65,187,76,66.0,61.0,63.0,64.0,
169697,75,187,78,77.0,72.0,67.0,73.0,76.0
5479,79,185,83,82.0,73.0,60.0,83.0,77.0
182435,70,193,78,71.0,68.0,53.0,70.0,72.0
170597,75,187,73,76.0,74.0,66.0,74.0,77.0
172723,75,198,101,75.0,74.0,72.0,74.0,75.0
158121,79,187,87,78.0,77.0,77.0,78.0,80.0
162297,73,190,82,72.0,72.0,63.0,76.0,70.0
243710,62,193,89,62.0,59.0,61.0,61.0,64.0
242382,57,185,76,59.0,58.0,56.0,54.0,61.0
189690,80,190,79,81.0,80.0,77.0,78.0,82.0
148119,80,185,78,77.0,72.0,78.0,82.0,84.0
255303,60,190,73,63.0,59.0,61.0,58.0,63.0
212432,75,187,74,75.0,71.0,59.0,73.0,81.0
228279,72,193,89,73.0,69.0,70.0,70.0,73.0
240796,64,182,81,65.0,64.0,61.0,62.0,66.0
220048,72,193,77,72.0,68.0,60.0,70.0,80.0
223686,71,185,79,74.0,67.0,66.0,68.0,72.0
199321,65,205,102,68.0,60.0,56.0,65.0,69.0
194904,75,190,102,76.0,70.0,70.0,76.0,76.0
186148,74,187,81,73.0,69.0,70.0,74.0,75.0
216939,75,193,78,75.0,68.0,68.0,75.0,80.0
219244,75,193,89,76.0,74.0,73.0,73.0,76.0
212442,78,193,84,79.0,76.0,64.0,76.0,80.0
224003,76,193,82,77.0,76.0,73.0,73.0,76.0
255151,59,187,73,62.0,58.0,59.0,54.0,66.0
201179,66,193,96,70.0,62.0,51.0,59.0,74.0
215363,72,190,82,72.0,70.0,69.0,69.0,76.0
199641,79,190,87,81.0,76.0,76.0,79.0,80.0
226285,72,195,92,72.0,72.0,62.0,69.0,74.0
242242,65,193,82,65.0,62.0,66.0,61.0,69.0
110677,78,187,83,82.0,72.0,80.0,79.0,78.0
183497,76,190,81,76.0,75.0,71.0,76.0,77.0
235124,68,187,83,72.0,64.0,65.0,68.0,72.0
251330,65,190,83,67.0,64.0,64.0,66.0,70.0
224947,58,185,77,58.0,57.0,58.0,54.0,59.0
190745,77,190,79,79.0,75.0,65.0,77.0,79.0
208104,79,190,83,82.0,75.0,72.0,77.0,83.0
218971,69,190,82,69.0,67.0,67.0,71.0,66.0
244654,68,187,86,68.0,67.0,65.0,64.0,70.0
218298,70,187,71,69.0,71.0,67.0,69.0,73.0
240776,60,190,84,57.0,59.0,53.0,56.0,59.0
177723,74,182,79,73.0,75.0,71.0,71.0,74.0
193186,73,190,84,74.0,67.0,61.0,75.0,75.0
193182,71,185,74,71.0,69.0,68.0,70.0,72.0
241790,73,193,81,78.0,67.0,66.0,71.0,73.0
258311,52,190,77,54.0,52.0,54.0,52.0,56.0
252905,62,187,87,66.0,62.0,62.0,51.0,67.0
246124,53,193,78,56.0,53.0,54.0,49.0,56.0
208894,68,187,81,66.0,65.0,64.0,68.0,70.0
236571,70,190,82,69.0,66.0,65.0,69.0,71.0
216065,76,193,87,76.0,74.0,68.0,76.0,78.0
225701,73,187,78,74.0,67.0,69.0,70.0,74.0
204308,77,187,87,79.0,74.0,76.0,77.0,79.0
242289,64,198,86,64.0,65.0,64.0,66.0,66.0
223603,69,190,89,71.0,68.0,62.0,64.0,71.0
158777,72,195,99,71.0,70.0,66.0,71.0,73.0
245601,65,193,87,66.0,64.0,58.0,65.0,67.0
258763,59,187,79,62.0,58.0,61.0,62.0,65.0
220058,71,187,74,72.0,67.0,62.0,70.0,72.0
215251,75,187,83,75.0,73.0,69.0,75.0,77.0
230168,82,190,84,79.0,84.0,77.0,83.0,78.0
193152,78,187,88,80.0,78.0,83.0,77.0,74.0
195668,76,195,89,78.0,73.0,72.0,73.0,80.0
252773,55,198,87,57.0,53.0,53.0,56.0,55.0
236046,70,190,83,68.0,66.0,61.0,72.0,71.0
231413,69,195,89,71.0,68.0,71.0,65.0,72.0
241532,64,187,84,60.0,64.0,62.0,64.0,65.0
235633,63,182,73,64.0,64.0,60.0,62.0,63.0
176772,76,182,79,76.0,71.0,65.0,76.0,81.0
192613,71,203,96,67.0,71.0,72.0,70.0,72.0
206379,66,193,87,67.0,61.0,62.0,68.0,65.0
219522,74,185,83,75.0,71.0,64.0,73.0,75.0
205211,75,195,83,76.0,74.0,72.0,74.0,72.0
176919,79,193,93,78.0,77.0,72.0,81.0,79.0
205878,73,195,91,74.0,67.0,66.0,72.0,79.0
179547,70,187,77,68.0,67.0,66.0,70.0,71.0
170084,75,198,89,76.0,74.0,79.0,75.0,71.0
53739,70,193,83,70.0,70.0,72.0,67.0,69.0
245632,62,193,78,,,,,
209532,69,190,81,68.0,67.0,68.0,65.0,69.0
222511,74,187,83,77.0,69.0,76.0,68.0,79.0
222572,68,187,78,69.0,63.0,65.0,66.0,70.0
225406,65,154,79,64.0,63.0,59.0,62.0,67.0
192317,70,187,79,68.0,69.0,70.0,70.0,71.0
224010,66,187,84,67.0,63.0,69.0,66.0,68.0
200159,75,185,87,72.0,70.0,80.0,75.0,78.0
200332,72,198,94,77.0,62.0,67.0,69.0,76.0
190113,77,195,92,73.0,72.0,81.0,80.0,82.0
252552,58,193,79,61.0,56.0,50.0,51.0,62.0
244483,57,185,69,57.0,56.0,51.0,50.0,60.0
258864,61,193,87,64.0,60.0,58.0,57.0,62.0
257126,53,187,79,54.0,53.0,52.0,52.0,54.0
222464,72,182,74,72.0,70.0,68.0,73.0,72.0
225203,68,187,83,70.0,65.0,72.0,68.0,69.0
230182,77,182,77,79.0,77.0,75.0,77.0,71.0
224836,68,203,92,67.0,66.0,78.0,67.0,68.0
189324,77,193,78,77.0,75.0,64.0,75.0,81.0
180714,78,195,94,82.0,73.0,72.0,78.0,80.0
186990,75,182,77,76.0,74.0,70.0,76.0,73.0
156412,75,182,83,72.0,77.0,68.0,78.0,73.0
202617,67,187,79,67.0,63.0,59.0,65.0,71.0
243573,64,187,79,63.0,64.0,62.0,60.0,66.0
219736,71,195,83,78.0,66.0,57.0,62.0,76.0
230204,80,182,73,81.0,75.0,78.0,81.0,79.0
235860,63,195,84,63.0,56.0,58.0,60.0,66.0
146296,78,187,82,80.0,75.0,68.0,76.0,79.0
140498,72,190,82,71.0,69.0,66.0,72.0,73.0
189084,75,187,81,76.0,75.0,69.0,72.0,76.0
201931,76,193,89,78.0,73.0,68.0,75.0,79.0
190734,76,190,84,79.0,73.0,63.0,73.0,76.0
163600,70,193,97,70.0,66.0,72.0,70.0,71.0
247228,60,190,74,68.0,52.0,51.0,52.0,65.0
242073,63,193,83,63.0,59.0,63.0,63.0,64.0
215417,72,187,88,74.0,68.0,62.0,71.0,76.0
216175,74,185,79,77.0,71.0,62.0,70.0,79.0
235582,66,185,79,67.0,64.0,65.0,62.0,69.0
225647,76,185,74,76.0,74.0,73.0,76.0,77.0
228789,64,198,84,64.0,62.0,64.0,63.0,66.0
163489,81,187,82,81.0,82.0,72.0,80.0,83.0
198350,70,187,72,75.0,64.0,66.0,69.0,72.0
146748,76,195,88,71.0,76.0,72.0,78.0,73.0
257288,64,198,93,64.0,57.0,58.0,61.0,71.0
248018,66,190,84,68.0,63.0,66.0,63.0,67.0
245294,80,190,84,78.0,81.0,77.0,80.0,77.0
244417,62,193,89,69.0,59.0,57.0,52.0,71.0
253272,75,154,78,77.0,73.0,70.0,69.0,74.0
229909,78,187,79,79.0,73.0,65.0,77.0,82.0
219795,63,198,82,63.0,61.0,62.0,62.0,64.0
225395,67,193,78,,,,,
232654,68,154,74,67.0,,63.0,67.0,
221130,68,154,83,69.0,67.0,69.0,66.0,71.0
236515,68,185,74,72.0,65.0,63.0,66.0,70.0
215522,75,182,77,75.0,72.0,66.0,73.0,79.0
205409,73,182,78,73.0,68.0,66.0,74.0,75.0
192358,75,198,84,76.0,72.0,68.0,73.0,77.0
183666,75,193,96,78.0,67.0,73.0,73.0,79.0
244809,55,187,69,55.0,54.0,58.0,53.0,56.0
239961,56,193,83,58.0,52.0,60.0,48.0,61.0
212067,77,185,77,,72.0,69.0,,
224599,73,190,83,72.0,70.0,67.0,72.0,74.0
213536,71,182,87,70.0,69.0,65.0,71.0,74.0
223082,65,195,81,67.0,62.0,60.0,63.0,67.0
189342,72,193,84,74.0,70.0,58.0,74.0,76.0
146952,77,187,76,74.0,76.0,78.0,73.0,79.0
183141,74,190,91,74.0,71.0,70.0,77.0,73.0
254580,58,187,76,59.0,54.0,52.0,54.0,60.0
253271,71,182,83,65.0,70.0,68.0,73.0,72.0
244274,70,193,88,73.0,69.0,63.0,69.0,71.0
240809,63,195,82,65.0,61.0,59.0,64.0,68.0
241978,63,182,77,64.0,61.0,53.0,61.0,64.0
248216,59,187,78,62.0,50.0,47.0,59.0,62.0
214462,73,182,79,75.0,69.0,66.0,71.0,75.0
236337,54,193,82,56.0,57.0,52.0,54.0,56.0
234790,70,185,83,72.0,67.0,66.0,67.0,73.0
220532,64,190,82,64.0,63.0,57.0,61.0,65.0
190120,76,187,83,75.0,73.0,73.0,77.0,77.0
204246,71,193,82,71.0,69.0,73.0,73.0,73.0
208375,75,193,92,74.0,74.0,68.0,75.0,79.0
203824,67,193,78,67.0,66.0,65.0,66.0,68.0
190569,75,190,87,75.0,71.0,67.0,77.0,78.0
188400,72,187,69,72.0,75.0,67.0,67.0,74.0
52326,66,190,84,66.0,66.0,64.0,66.0,65.0
168354,74,195,89,73.0,74.0,70.0,77.0,73.0
163301,77,182,81,76.0,72.0,84.0,77.0,76.0
163806,74,154,74,75.0,62.0,75.0,73.0,81.0
47201,75,182,73,74.0,71.0,73.0,76.0,75.0
252583,55,185,67,56.0,54.0,49.0,54.0,57.0
255986,48,154,76,47.0,46.0,46.0,45.0,50.0
243304,67,190,79,65.0,66.0,67.0,63.0,68.0
242297,57,187,74,59.0,56.0,57.0,54.0,57.0
241179,67,187,74,71.0,60.0,62.0,62.0,73.0
240751,67,182,84,68.0,66.0,64.0,67.0,66.0
240784,60,187,74,62.0,59.0,60.0,57.0,60.0
242200,65,200,87,65.0,67.0,63.0,65.0,69.0
225543,65,182,68,66.0,60.0,63.0,63.0,67.0
228410,67,190,84,69.0,65.0,69.0,67.0,68.0
236301,70,187,87,72.0,70.0,60.0,67.0,68.0
222546,72,185,78,70.0,69.0,67.0,72.0,75.0
211348,71,187,81,72.0,70.0,68.0,74.0,70.0
192593,78,190,83,76.0,75.0,75.0,77.0,77.0
188836,67,187,78,68.0,66.0,70.0,67.0,67.0
197928,64,193,83,65.0,61.0,61.0,62.0,64.0
176094,68,195,87,67.0,64.0,66.0,66.0,70.0
189387,64,185,83,64.0,62.0,64.0,61.0,65.0
137677,74,182,83,74.0,72.0,70.0,73.0,75.0
48940,81,195,89,77.0,82.0,68.0,83.0,79.0
157888,69,185,78,68.0,65.0,65.0,70.0,69.0
150477,72,187,76,76.0,64.0,68.0,72.0,75.0
106573,82,182,78,81.0,78.0,75.0,84.0,83.0
258085,61,195,89,60.0,63.0,56.0,58.0,62.0
252255,60,154,74,61.0,56.0,57.0,59.0,60.0
252911,54,190,87,52.0,59.0,50.0,51.0,55.0
242068,66,195,87,71.0,63.0,58.0,61.0,68.0
240752,64,154,77,67.0,63.0,59.0,63.0,66.0
231046,61,190,81,63.0,60.0,61.0,59.0,59.0
231028,61,193,73,62.0,59.0,60.0,61.0,61.0
213732,76,190,84,76.0,79.0,76.0,75.0,75.0
223727,68,187,78,68.0,65.0,64.0,66.0,70.0
227370,69,187,78,68.0,66.0,71.0,64.0,73.0
214076,75,182,86,76.0,72.0,68.0,74.0,77.0
219937,69,185,83,71.0,64.0,59.0,67.0,75.0
200715,70,185,79,70.0,68.0,67.0,68.0,71.0
199904,75,198,88,76.0,74.0,68.0,73.0,75.0
200212,74,198,97,73.0,72.0,64.0,71.0,78.0
199909,74,193,92,72.0,74.0,69.0,72.0,75.0
165735,72,193,87,71.0,69.0,68.0,74.0,70.0
194894,60,193,83,62.0,60.0,62.0,58.0,60.0
153275,73,154,74,72.0,69.0,69.0,74.0,75.0
148526,75,187,79,74.0,72.0,68.0,76.0,77.0
194781,74,193,87,78.0,65.0,65.0,72.0,79.0
161663,73,182,86,71.0,70.0,72.0,73.0,75.0
194150,67,190,83,66.0,68.0,71.0,64.0,67.0
105533,67,190,87,62.0,65.0,67.0,68.0,67.0
258498,59,193,74,67.0,58.0,56.0,46.0,65.0
252200,66,195,84,67.0,64.0,60.0,65.0,66.0
248766,58,198,83,59.0,54.0,50.0,59.0,63.0
256488,50,182,73,52.0,56.0,57.0,42.0,50.0
250754,62,193,78,67.0,58.0,59.0,54.0,68.0
254502,57,187,84,62.0,51.0,49.0,55.0,60.0
243308,63,185,78,64.0,62.0,65.0,59.0,63.0
241388,62,195,97,65.0,62.0,66.0,65.0,63.0
236028,65,182,74,67.0,61.0,65.0,63.0,68.0
226085,72,187,73,75.0,72.0,67.0,66.0,73.0
235018,64,198,87,68.0,65.0,62.0,59.0,65.0
230318,76,190,87,76.0,77.0,77.0,76.0,74.0
237167,53,154,74,58.0,54.0,52.0,49.0,48.0
230000,63,182,73,63.0,62.0,63.0,62.0,64.0
204966,71,187,73,70.0,68.0,74.0,70.0,73.0
204240,75,185,89,74.0,72.0,74.0,75.0,77.0
204438,65,185,77,68.0,63.0,60.0,63.0,67.0
204234,73,154,78,76.0,69.0,67.0,73.0,75.0
202199,68,193,93,68.0,68.0,72.0,69.0,71.0
191628,76,185,79,76.0,75.0,69.0,74.0,78.0
186680,70,195,92,70.0,69.0,62.0,71.0,70.0
116314,66,187,86,66.0,62.0,66.0,66.0,65.0
51539,83,198,88,82.0,87.0,85.0,93.0,75.0
169108,64,182,82,63.0,60.0,61.0,67.0,62.0
244191,55,182,78,57.0,56.0,55.0,55.0,56.0
242969,70,193,83,69.0,68.0,68.0,69.0,74.0
235375,61,195,89,62.0,59.0,55.0,61.0,62.0
237525,71,185,79,73.0,72.0,65.0,68.0,74.0
239461,63,187,83,63.0,62.0,65.0,60.0,63.0
238674,70,185,77,72.0,65.0,44.0,70.0,73.0
234803,63,187,76,64.0,62.0,63.0,63.0,65.0
241076,64,193,83,64.0,63.0,59.0,64.0,67.0
226786,67,190,87,67.0,66.0,66.0,64.0,68.0
231073,68,193,84,69.0,68.0,64.0,69.0,71.0
231545,74,190,78,77.0,68.0,59.0,72.0,76.0
222411,72,187,86,70.0,69.0,68.0,71.0,78.0
212518,67,154,78,69.0,65.0,63.0,67.0,68.0
215086,71,185,78,70.0,71.0,67.0,71.0,72.0
207935,75,190,86,72.0,72.0,75.0,77.0,77.0
210366,68,185,83,70.0,64.0,66.0,65.0,71.0
219793,73,187,87,74.0,71.0,66.0,74.0,74.0
187208,70,182,77,71.0,,,,68.0
192009,71,185,84,74.0,,66.0,73.0,
190195,74,198,84,75.0,68.0,69.0,71.0,78.0
192397,74,185,83,74.0,73.0,64.0,72.0,75.0
190780,72,190,97,73.0,67.0,70.0,70.0,76.0
177475,73,182,78,74.0,69.0,76.0,69.0,77.0
49000,74,182,73,74.0,71.0,66.0,73.0,79.0
135043,67,193,84,69.0,68.0,68.0,64.0,67.0
142902,76,190,92,75.0,69.0,78.0,80.0,78.0
164505,72,193,94,72.0,68.0,72.0,72.0,74.0
165247,73,154,81,70.0,71.0,90.0,74.0,73.0
169181,75,154,78,75.0,68.0,66.0,76.0,81.0
53985,48,187,86,39.0,52.0,53.0,61.0,32.0
162220,75,185,83,71.0,78.0,79.0,74.0,75.0
253028,61,154,73,63.0,60.0,53.0,55.0,64.0
250842,67,182,73,,,63.0,,
255266,54,185,78,56.0,50.0,50.0,51.0,55.0
248329,57,187,83,60.0,59.0,58.0,56.0,60.0
241599,57,185,69,58.0,56.0,57.0,55.0,60.0
244746,58,193,82,58.0,55.0,56.0,55.0,62.0
238570,66,193,87,67.0,64.0,65.0,65.0,66.0
232107,65,193,84,67.0,60.0,54.0,61.0,69.0
232562,68,185,82,71.0,62.0,69.0,64.0,71.0
229542,68,198,87,68.0,67.0,66.0,67.0,70.0
222864,62,190,74,64.0,60.0,58.0,61.0,64.0
223573,72,190,88,70.0,72.0,66.0,73.0,72.0
228505,70,182,81,68.0,65.0,73.0,68.0,73.0
210358,73,187,73,72.0,72.0,75.0,73.0,73.0
219941,68,190,74,66.0,63.0,57.0,66.0,72.0
205558,54,182,71,54.0,53.0,52.0,53.0,55.0
213678,62,190,78,63.0,59.0,57.0,60.0,64.0
213729,69,187,79,70.0,66.0,66.0,67.0,72.0
217441,68,193,79,69.0,66.0,60.0,68.0,73.0
192665,74,195,84,74.0,69.0,61.0,75.0,77.0
199417,74,187,78,73.0,70.0,72.0,73.0,79.0
193765,67,182,78,69.0,66.0,61.0,68.0,70.0
203175,63,154,69,67.0,60.0,51.0,59.0,69.0
202457,67,190,83,68.0,65.0,66.0,65.0,67.0
204502,65,190,82,69.0,64.0,62.0,63.0,68.0
155871,72,193,86,66.0,71.0,67.0,75.0,73.0
170008,67,193,91,68.0,62.0,66.0,66.0,68.0
173533,68,190,87,70.0,67.0,65.0,65.0,68.0
183513,66,193,86,70.0,60.0,58.0,63.0,70.0
188094,68,187,83,68.0,68.0,69.0,67.0,68.0
183749,48,195,79,51.0,47.0,43.0,46.0,48.0
191011,77,185,74,79.0,75.0,71.0,75.0,80.0
173178,71,185,81,68.0,68.0,67.0,74.0,72.0
107084,65,195,92,64.0,62.0,60.0,67.0,65.0
162328,73,187,87,73.0,70.0,83.0,74.0,72.0
259085,60,185,78,60.0,61.0,60.0,59.0,65.0
257568,51,185,74,56.0,46.0,58.0,44.0,57.0
255079,62,182,78,65.0,59.0,56.0,49.0,70.0
247736,62,193,78,63.0,60.0,55.0,60.0,65.0
250804,53,185,73,57.0,54.0,61.0,47.0,58.0
251036,65,185,77,66.0,62.0,62.0,64.0,67.0
252032,63,193,78,67.0,58.0,56.0,55.0,68.0
250841,67,154,78,70.0,69.0,61.0,68.0,71.0
240091,68,187,76,66.0,68.0,62.0,70.0,69.0
243538,71,200,96,77.0,63.0,64.0,72.0,73.0
245306,79,185,79,81.0,75.0,71.0,77.0,82.0
243778,67,187,88,69.0,67.0,51.0,67.0,71.0
237580,70,195,89,71.0,68.0,71.0,68.0,73.0
236663,60,182,76,59.0,57.0,55.0,59.0,65.0
238033,74,182,78,75.0,72.0,69.0,76.0,76.0
239742,62,193,83,61.0,59.0,65.0,62.0,66.0
235027,63,185,72,65.0,64.0,66.0,62.0,62.0
235195,62,193,84,62.0,60.0,58.0,59.0,64.0
228266,62,187,82,62.0,60.0,58.0,61.0,63.0
229429,51,200,86,52.0,50.0,49.0,49.0,53.0
230323,75,190,87,77.0,76.0,61.0,72.0,73.0
231841,68,187,81,67.0,66.0,67.0,68.0,69.0
231056,71,190,94,73.0,66.0,60.0,65.0,77.0
225610,68,185,73,71.0,66.0,63.0,64.0,71.0
214415,70,187,78,69.0,65.0,60.0,70.0,74.0
223249,77,187,82,79.0,70.0,73.0,79.0,81.0
224987,69,193,83,69.0,66.0,61.0,68.0,71.0
199493,74,187,76,74.0,72.0,69.0,72.0,77.0
206218,73,187,82,78.0,67.0,68.0,69.0,78.0
200463,73,182,92,73.0,68.0,73.0,74.0,73.0
197851,72,195,92,72.0,68.0,63.0,71.0,74.0
188938,75,185,83,75.0,73.0,71.0,76.0,78.0
188657,69,190,84,72.0,62.0,64.0,65.0,73.0
189296,76,193,92,76.0,76.0,67.0,75.0,78.0
193786,72,187,79,73.0,70.0,62.0,69.0,75.0
193247,73,187,79,78.0,69.0,65.0,70.0,76.0
193272,68,195,83,70.0,62.0,59.0,68.0,71.0
191655,70,187,83,70.0,66.0,69.0,70.0,72.0
167575,73,190,87,72.0,72.0,70.0,72.0,75.0
105308,67,154,87,64.0,70.0,69.0,74.0,64.0
172198,70,185,87,72.0,70.0,65.0,68.0,71.0
169321,70,182,83,70.0,70.0,74.0,69.0,69.0
155886,65,193,87,66.0,62.0,70.0,64.0,62.0
255953,62,187,73,66.0,67.0,58.0,60.0,58.0
257405,59,193,78,59.0,59.0,54.0,61.0,59.0
257670,52,182,71,49.0,53.0,58.0,49.0,57.0
255308,62,185,79,65.0,62.0,54.0,66.0,63.0
251995,63,187,73,62.0,64.0,57.0,67.0,56.0
245564,62,187,82,68.0,58.0,54.0,54.0,72.0
244385,72,195,92,72.0,65.0,73.0,69.0,74.0
242802,66,187,78,65.0,67.0,68.0,64.0,66.0
240595,65,185,79,63.0,61.0,61.0,63.0,69.0
236033,63,185,79,60.0,62.0,58.0,55.0,69.0
239120,69,195,91,65.0,70.0,71.0,69.0,70.0
235840,68,187,81,70.0,69.0,63.0,69.0,71.0
234260,60,182,73,64.0,59.0,61.0,58.0,64.0
233211,62,187,83,59.0,60.0,63.0,60.0,64.0
230330,73,185,78,72.0,75.0,69.0,73.0,72.0
234228,63,187,79,62.0,64.0,63.0,62.0,67.0
228616,65,154,84,67.0,62.0,58.0,61.0,71.0
225489,58,195,84,59.0,56.0,60.0,54.0,58.0
229637,72,185,79,69.0,68.0,68.0,70.0,80.0
228860,67,187,77,70.0,61.0,62.0,62.0,71.0
228182,73,190,86,73.0,71.0,70.0,69.0,73.0
229325,70,198,82,73.0,67.0,66.0,72.0,70.0
223690,69,190,82,71.0,,63.0,,72.0
220383,67,185,71,65.0,69.0,63.0,65.0,66.0
214373,71,190,92,70.0,67.0,64.0,70.0,71.0
213649,61,195,79,64.0,59.0,58.0,60.0,64.0
211908,70,187,84,70.0,69.0,67.0,69.0,74.0
217096,68,190,73,69.0,67.0,69.0,64.0,68.0
211299,68,195,89,72.0,60.0,71.0,68.0,70.0
211033,70,182,89,71.0,71.0,67.0,70.0,70.0
207633,66,198,98,65.0,63.0,72.0,66.0,66.0
210019,63,193,88,60.0,61.0,64.0,65.0,63.0
208782,68,187,87,70.0,64.0,70.0,64.0,72.0
205530,71,182,79,71.0,69.0,83.0,66.0,71.0
197439,71,190,82,73.0,64.0,68.0,67.0,73.0
199101,68,185,83,67.0,69.0,63.0,67.0,67.0
110638,73,187,79,67.0,74.0,65.0,82.0,71.0
184436,72,187,87,72.0,69.0,66.0,72.0,72.0
173531,67,193,76,65.0,67.0,70.0,65.0,69.0
180739,68,185,73,67.0,65.0,64.0,65.0,72.0
135451,75,190,94,78.0,70.0,58.0,75.0,79.0
167959,74,187,82,74.0,72.0,66.0,75.0,77.0
146996,74,187,78,73.0,72.0,73.0,74.0,75.0
16254,71,190,87,72.0,72.0,72.0,71.0,68.0
258031,61,185,78,58.0,60.0,60.0,65.0,62.0
257862,60,190,77,61.0,60.0,59.0,60.0,61.0
256792,59,193,72,57.0,59.0,60.0,60.0,58.0
254099,60,187,74,66.0,65.0,60.0,59.0,57.0
252342,57,185,73,56.0,58.0,54.0,57.0,56.0
253291,59,154,83,60.0,58.0,75.0,55.0,60.0
253343,73,182,78,71.0,72.0,73.0,75.0,70.0
248478,59,185,79,64.0,57.0,56.0,57.0,64.0
251157,59,182,84,57.0,60.0,49.0,59.0,61.0
248283,54,185,69,58.0,58.0,55.0,53.0,55.0
251165,56,190,71,59.0,56.0,54.0,54.0,58.0
247346,55,193,87,59.0,56.0,53.0,59.0,59.0
242818,63,185,79,65.0,60.0,59.0,60.0,65.0
244676,65,187,87,65.0,63.0,60.0,64.0,64.0
245274,59,190,69,60.0,57.0,62.0,61.0,65.0
244340,66,187,83,68.0,62.0,61.0,63.0,69.0
245089,65,187,76,66.0,66.0,63.0,62.0,74.0
243588,53,185,79,56.0,53.0,59.0,50.0,55.0
241091,59,187,78,64.0,59.0,60.0,59.0,59.0
239364,63,190,79,64.0,63.0,60.0,66.0,63.0
238969,61,200,84,63.0,59.0,56.0,61.0,59.0
234054,71,185,78,69.0,69.0,65.0,71.0,72.0
237927,60,193,83,60.0,61.0,56.0,58.0,61.0
237575,62,193,87,64.0,62.0,57.0,60.0,65.0
237188,63,185,72,64.0,62.0,61.0,63.0,64.0
235652,63,193,81,64.0,60.0,59.0,60.0,64.0
230038,65,187,78,63.0,63.0,63.0,63.0,69.0
227186,70,185,87,72.0,64.0,68.0,64.0,75.0
230175,73,187,83,73.0,77.0,69.0,76.0,66.0
232101,64,182,74,64.0,67.0,62.0,65.0,64.0
228582,57,187,73,59.0,57.0,55.0,56.0,58.0
231878,68,193,92,69.0,65.0,66.0,67.0,68.0
230877,63,187,78,65.0,58.0,61.0,60.0,64.0
219260,65,193,88,67.0,60.0,54.0,64.0,66.0
224397,61,193,78,60.0,59.0,62.0,58.0,62.0
222389,66,185,68,,,,,
219715,67,187,79,68.0,64.0,59.0,63.0,70.0
215408,63,203,92,66.0,60.0,57.0,62.0,65.0
213272,73,154,74,76.0,69.0,66.0,74.0,74.0
210923,71,187,78,71.0,72.0,67.0,71.0,70.0
216692,73,182,83,71.0,69.0,68.0,75.0,73.0
217649,70,187,83,69.0,68.0,63.0,70.0,71.0
202886,65,193,84,65.0,65.0,64.0,64.0,64.0
206145,70,190,83,69.0,69.0,68.0,69.0,71.0
202469,70,187,86,74.0,64.0,72.0,67.0,72.0
205759,68,195,88,69.0,63.0,59.0,66.0,70.0
205386,67,198,87,70.0,65.0,64.0,65.0,66.0
209750,62,193,79,65.0,59.0,60.0,61.0,64.0
202873,73,190,89,72.0,70.0,66.0,72.0,75.0
205942,75,187,78,74.0,71.0,67.0,75.0,76.0
194730,72,187,82,71.0,72.0,74.0,71.0,73.0
199568,69,154,83,71.0,62.0,74.0,63.0,75.0
199007,57,185,86,57.0,57.0,52.0,56.0,60.0
194050,67,190,84,68.0,66.0,64.0,67.0,65.0
193512,74,187,83,75.0,72.0,71.0,74.0,77.0
193359,66,198,84,63.0,65.0,61.0,65.0,68.0
172939,72,187,86,72.0,71.0,70.0,72.0,73.0
168566,73,185,83,69.0,73.0,70.0,69.0,76.0
173857,73,193,86,72.0,71.0,62.0,75.0,75.0
187601,72,187,84,74.0,67.0,69.0,71.0,73.0
185181,75,185,78,75.0,73.0,74.0,72.0,75.0
164853,70,187,89,70.0,67.0,76.0,70.0,67.0
165580,82,187,83,86.0,75.0,76.0,76.0,85.0
139668,71,187,83,68.0,70.0,64.0,70.0,70.0
132740,75,187,78,75.0,72.0,77.0,76.0,75.0
140082,73,187,79,75.0,71.0,63.0,74.0,73.0
121933,78,190,84,77.0,76.0,70.0,80.0,78.0
21570,75,187,87,78.0,67.0,90.0,84.0,70.0
2651,73,185,83,69.0,72.0,72.0,76.0,70.0
257130,51,187,78,59.0,50.0,51.0,53.0,45.0
258534,63,187,82,58.0,56.0,61.0,65.0,67.0
257274,55,200,102,55.0,53.0,60.0,50.0,59.0
258693,52,185,74,47.0,53.0,48.0,48.0,58.0
257580,53,193,79,48.0,54.0,60.0,55.0,51.0
252783,52,187,69,53.0,52.0,50.0,54.0,51.0
251340,55,182,78,55.0,58.0,56.0,56.0,52.0
252123,67,154,79,72.0,55.0,62.0,64.0,73.0
252081,66,182,78,66.0,63.0,62.0,67.0,67.0
248182,49,185,76,50.0,51.0,49.0,50.0,51.0
248345,59,205,81,51.0,68.0,65.0,65.0,50.0
251944,65,187,78,65.0,66.0,59.0,60.0,67.0
244867,54,193,82,55.0,53.0,54.0,53.0,57.0
247072,71,154,63,70.0,65.0,59.0,72.0,77.0
246158,55,187,78,56.0,58.0,59.0,49.0,60.0
246603,61,187,79,62.0,61.0,59.0,59.0,63.0
244810,61,195,83,64.0,57.0,59.0,58.0,63.0
241013,64,185,73,62.0,60.0,62.0,66.0,68.0
240493,73,198,92,81.0,62.0,65.0,70.0,82.0
243735,64,190,77,63.0,62.0,60.0,69.0,66.0
243397,63,187,78,61.0,63.0,64.0,62.0,64.0
242703,60,185,83,64.0,60.0,66.0,56.0,63.0
242159,65,187,83,66.0,62.0,64.0,64.0,66.0
242853,53,182,73,48.0,55.0,58.0,50.0,57.0
239254,61,190,73,58.0,70.0,57.0,49.0,66.0
237127,53,203,87,53.0,52.0,62.0,61.0,51.0
236758,67,190,82,68.0,65.0,66.0,66.0,68.0
238489,66,185,81,70.0,64.0,60.0,63.0,67.0
230674,65,185,78,65.0,63.0,66.0,62.0,69.0
233157,65,193,79,62.0,69.0,62.0,64.0,63.0
231720,64,193,89,68.0,66.0,62.0,59.0,67.0
234748,70,195,82,70.0,64.0,61.0,67.0,74.0
232110,62,190,89,63.0,58.0,61.0,63.0,64.0
228912,68,185,77,70.0,65.0,68.0,65.0,69.0
225280,59,187,76,66.0,56.0,57.0,55.0,62.0
225149,71,187,74,73.0,67.0,73.0,68.0,72.0
229274,60,185,69,60.0,58.0,57.0,58.0,63.0
226259,66,187,77,67.0,68.0,59.0,66.0,69.0
225361,64,193,83,69.0,59.0,53.0,59.0,70.0
229368,58,193,94,58.0,60.0,55.0,56.0,56.0
227966,62,190,79,65.0,60.0,55.0,55.0,70.0
228169,65,187,87,65.0,66.0,64.0,69.0,61.0
225710,66,193,79,68.0,65.0,67.0,65.0,65.0
219637,69,187,82,65.0,74.0,69.0,68.0,67.0
219705,64,187,82,66.0,62.0,61.0,60.0,66.0
221610,73,187,81,74.0,72.0,70.0,72.0,75.0
217813,71,187,83,71.0,66.0,63.0,74.0,74.0
221912,70,185,78,71.0,64.0,63.0,69.0,74.0
222510,66,190,83,64.0,65.0,68.0,67.0,66.0
221584,73,187,86,73.0,72.0,70.0,71.0,75.0
223988,62,195,81,62.0,60.0,60.0,61.0,62.0
223823,64,185,86,66.0,65.0,57.0,59.0,69.0
213954,66,187,82,68.0,60.0,66.0,68.0,65.0
216106,62,182,79,63.0,58.0,59.0,58.0,65.0
213483,62,193,91,57.0,63.0,52.0,67.0,62.0
206272,72,187,87,72.0,71.0,70.0,71.0,72.0
204549,72,187,87,75.0,70.0,64.0,70.0,75.0
206549,66,185,83,68.0,63.0,63.0,64.0,69.0
206307,69,193,89,68.0,67.0,69.0,66.0,69.0
207723,63,185,78,65.0,60.0,61.0,58.0,69.0
199103,72,195,83,69.0,70.0,71.0,73.0,72.0
199526,69,187,88,65.0,63.0,68.0,72.0,73.0
199803,65,190,83,66.0,63.0,66.0,59.0,67.0
201875,67,187,86,69.0,61.0,66.0,65.0,69.0
198625,72,154,83,70.0,72.0,72.0,67.0,74.0
198355,73,187,86,72.0,69.0,65.0,75.0,73.0
186681,72,182,77,72.0,71.0,71.0,70.0,73.0
185405,71,193,87,74.0,64.0,64.0,71.0,76.0
192297,74,193,84,77.0,68.0,68.0,72.0,79.0
192129,72,187,87,71.0,66.0,69.0,74.0,74.0
184630,67,195,89,67.0,63.0,65.0,62.0,75.0
186511,70,182,78,71.0,68.0,63.0,70.0,69.0
186098,75,182,86,75.0,70.0,67.0,79.0,78.0
182761,64,190,89,64.0,61.0,62.0,64.0,65.0
181733,65,187,83,66.0,62.0,60.0,64.0,68.0
182629,76,182,76,79.0,69.0,79.0,75.0,75.0
182207,67,190,83,66.0,64.0,73.0,66.0,69.0
183567,70,193,87,71.0,70.0,73.0,66.0,71.0
166097,68,190,86,71.0,63.0,62.0,69.0,71.0
177705,66,154,79,72.0,61.0,60.0,59.0,70.0
182365,67,190,91,69.0,66.0,64.0,65.0,68.0
163201,67,190,88,68.0,65.0,64.0,68.0,68.0
173165,67,182,83,64.0,65.0,60.0,66.0,69.0
176994,77,182,82,77.0,75.0,75.0,77.0,78.0
171490,67,187,78,66.0,65.0,61.0,69.0,65.0
176389,69,190,91,70.0,66.0,77.0,68.0,70.0
179954,75,187,84,79.0,74.0,60.0,64.0,83.0
121134,71,187,87,71.0,70.0,75.0,69.0,72.0
149309,69,195,87,68.0,69.0,46.0,70.0,68.0
1219,75,190,92,80.0,72.0,60.0,80.0,77.0
146637,72,182,77,70.0,69.0,68.0,70.0,78.0
162052,67,193,87,66.0,67.0,66.0,68.0,65.0
115533,74,193,88,71.0,79.0,61.0,77.0,71.0
111328,60,182,87,55.0,58.0,62.0,62.0,53.0
156358,71,185,79,71.0,70.0,66.0,72.0,68.0
139006,71,182,83,71.0,69.0,66.0,66.0,71.0
156437,73,190,83,74.0,69.0,66.0,73.0,77.0
162265,65,187,81,64.0,64.0,61.0,66.0,63.0
150659,68,154,73,67.0,65.0,69.0,72.0,65.0
258624,57,182,79,55.0,56.0,60.0,61.0,59.0
258309,53,185,67,54.0,51.0,50.0,54.0,53.0
257999,52,187,89,47.0,50.0,50.0,54.0,58.0
258585,69,187,78,67.0,65.0,58.0,67.0,71.0
259049,70,190,78,74.0,74.0,75.0,74.0,73.0
258591,50,182,76,50.0,54.0,46.0,45.0,55.0
258762,49,193,79,50.0,47.0,45.0,50.0,53.0
258362,56,185,82,56.0,51.0,58.0,50.0,60.0
258872,51,190,79,51.0,49.0,50.0,49.0,51.0
257138,55,182,76,59.0,55.0,46.0,49.0,59.0
256371,59,185,74,,58.0,,59.0,
255236,61,187,74,64.0,59.0,61.0,55.0,61.0
256081,57,190,78,62.0,53.0,57.0,52.0,62.0
256276,62,182,71,62.0,58.0,61.0,60.0,65.0
253236,51,187,74,51.0,47.0,47.0,48.0,50.0
254053,65,154,76,63.0,62.0,67.0,58.0,67.0
254300,60,185,77,61.0,56.0,56.0,58.0,62.0
253012,65,187,76,66.0,65.0,69.0,62.0,68.0
254052,70,182,73,67.0,67.0,67.0,70.0,70.0
253255,64,185,78,62.0,60.0,61.0,63.0,62.0
254803,57,193,72,64.0,56.0,49.0,43.0,63.0
251498,65,185,86,63.0,65.0,68.0,62.0,64.0
251703,69,198,87,65.0,63.0,61.0,69.0,73.0
252160,55,193,82,61.0,53.0,56.0,49.0,57.0
251298,58,190,79,62.0,52.0,54.0,55.0,63.0
250831,58,190,78,60.0,57.0,59.0,55.0,59.0
246240,54,193,87,57.0,52.0,57.0,52.0,55.0
246280,63,185,73,67.0,62.0,68.0,59.0,64.0
246262,54,154,68,56.0,58.0,58.0,49.0,55.0
247506,59,193,83,63.0,59.0,56.0,59.0,62.0
248709,57,190,78,60.0,58.0,57.0,57.0,61.0
246398,70,185,79,68.0,67.0,70.0,72.0,71.0
247052,52,182,78,55.0,54.0,56.0,48.0,55.0
244066,60,185,78,62.0,59.0,64.0,55.0,62.0
244262,62,187,77,64.0,59.0,61.0,59.0,64.0
243552,69,187,87,67.0,69.0,64.0,71.0,70.0
244418,66,187,83,66.0,64.0,59.0,66.0,66.0
241206,64,190,86,64.0,57.0,56.0,66.0,67.0
243130,53,190,79,55.0,51.0,54.0,54.0,56.0
242266,67,195,91,70.0,67.0,60.0,64.0,65.0
240987,59,185,74,59.0,60.0,57.0,58.0,58.0
240043,70,198,82,72.0,69.0,70.0,66.0,71.0
239499,67,190,76,70.0,66.0,63.0,66.0,72.0
238503,66,198,93,68.0,66.0,57.0,68.0,69.0
236241,62,190,79,64.0,59.0,57.0,66.0,62.0
235999,63,190,81,66.0,62.0,59.0,64.0,63.0
235220,61,154,79,63.0,57.0,64.0,58.0,60.0
231914,60,187,79,57.0,61.0,57.0,60.0,61.0
232226,75,193,88,76.0,67.0,68.0,76.0,75.0
234903,67,187,77,68.0,65.0,66.0,63.0,68.0
232790,65,154,74,65.0,64.0,58.0,65.0,64.0
233466,61,190,84,63.0,59.0,58.0,60.0,64.0
232441,71,182,78,68.0,70.0,75.0,73.0,69.0
232007,65,193,83,68.0,,55.0,63.0,70.0
233681,54,187,78,52.0,56.0,51.0,48.0,57.0
230312,79,185,79,81.0,75.0,71.0,77.0,82.0
229783,61,198,91,63.0,60.0,60.0,57.0,62.0
229692,70,185,79,70.0,66.0,74.0,67.0,73.0
231474,65,185,79,67.0,63.0,56.0,63.0,66.0
229956,67,187,83,68.0,64.0,61.0,65.0,69.0
230165,75,187,82,76.0,70.0,77.0,75.0,75.0
230320,74,187,84,71.0,72.0,73.0,75.0,76.0
226051,63,187,79,65.0,63.0,66.0,60.0,61.0
227477,66,185,78,67.0,66.0,66.0,63.0,67.0
226721,71,154,73,71.0,70.0,62.0,73.0,72.0
224348,75,182,76,79.0,71.0,70.0,70.0,79.0
226379,76,185,86,75.0,73.0,62.0,81.0,76.0
226450,56,185,74,57.0,61.0,50.0,56.0,53.0
225650,62,193,79,63.0,62.0,56.0,61.0,63.0
223968,69,185,79,74.0,59.0,67.0,71.0,72.0
222129,69,200,89,68.0,66.0,58.0,69.0,72.0
222484,65,187,83,66.0,66.0,56.0,62.0,64.0
221332,62,182,78,63.0,60.0,59.0,60.0,62.0
220944,65,187,64,70.0,59.0,62.0,65.0,69.0
222471,61,190,87,63.0,58.0,61.0,59.0,62.0
222876,67,182,74,65.0,63.0,55.0,64.0,73.0
217994,60,187,74,57.0,60.0,58.0,60.0,58.0
219836,68,190,84,,,,,
213344,58,193,78,61.0,56.0,54.0,55.0,61.0
213545,67,193,97,70.0,64.0,66.0,66.0,69.0
213736,70,193,83,71.0,68.0,67.0,68.0,71.0
213413,62,193,77,63.0,61.0,62.0,61.0,63.0
216245,70,182,83,68.0,70.0,68.0,68.0,73.0
212560,61,154,79,60.0,61.0,57.0,61.0,64.0
212175,63,185,81,64.0,58.0,63.0,60.0,66.0
210327,74,193,84,77.0,70.0,65.0,70.0,77.0
207926,71,195,92,73.0,67.0,65.0,69.0,74.0
206555,65,182,69,66.0,63.0,65.0,64.0,69.0
208988,60,182,69,61.0,57.0,55.0,58.0,63.0
211358,67,182,79,66.0,67.0,62.0,66.0,68.0
209423,70,187,84,70.0,68.0,66.0,69.0,72.0
209895,61,182,84,63.0,61.0,59.0,58.0,63.0
209483,69,185,79,72.0,65.0,64.0,66.0,71.0
207683,74,187,74,77.0,71.0,67.0,73.0,78.0
209307,78,185,84,83.0,67.0,66.0,78.0,82.0
209538,75,193,79,75.0,71.0,69.0,75.0,79.0
200059,69,185,83,70.0,63.0,70.0,68.0,72.0
200798,73,190,86,73.0,73.0,66.0,74.0,74.0
200502,67,185,73,69.0,63.0,74.0,66.0,69.0
204513,71,185,84,73.0,70.0,62.0,67.0,75.0
200989,65,193,89,64.0,66.0,62.0,66.0,63.0
197233,67,190,82,68.0,66.0,65.0,64.0,66.0
190459,74,187,87,76.0,68.0,70.0,75.0,78.0
194934,72,154,72,73.0,69.0,65.0,69.0,75.0
190947,69,195,92,66.0,68.0,74.0,69.0,68.0
190769,71,187,79,68.0,70.0,66.0,70.0,73.0
199812,66,187,79,66.0,63.0,66.0,64.0,67.0
189357,71,182,74,69.0,69.0,70.0,70.0,72.0
189586,68,195,88,70.0,67.0,59.0,67.0,68.0
187570,77,187,87,77.0,75.0,71.0,76.0,76.0
186941,69,190,86,70.0,67.0,65.0,67.0,69.0
189061,72,187,78,72.0,70.0,68.0,73.0,73.0
182471,55,193,79,52.0,52.0,57.0,63.0,52.0
182270,69,154,81,69.0,70.0,68.0,68.0,71.0
178566,72,182,78,74.0,68.0,74.0,70.0,76.0
171992,65,182,72,66.0,60.0,62.0,62.0,67.0
177508,66,182,83,66.0,67.0,63.0,66.0,64.0
167931,69,190,93,70.0,65.0,75.0,69.0,70.0
171574,69,182,74,68.0,71.0,64.0,66.0,69.0
175897,69,187,87,69.0,68.0,62.0,71.0,69.0
118794,65,193,87,65.0,62.0,52.0,65.0,67.0
111661,73,185,86,75.0,70.0,72.0,72.0,75.0
140181,65,187,79,64.0,66.0,64.0,72.0,65.0
51694,65,187,91,62.0,63.0,64.0,66.0,65.0
156507,68,154,79,66.0,,,,70.0
156253,72,198,84,75.0,68.0,67.0,72.0,75.0
102881,57,187,79,57.0,52.0,54.0,57.0,56.0
121937,70,190,91,69.0,70.0,64.0,71.0,69.0
144172,75,185,78,75.0,72.0,68.0,75.0,78.0
1747,75,154,79,,,,,
11381,64,185,81,63.0,64.0,63.0,64.0,62.0
18122,73,185,78,70.0,76.0,66.0,81.0,66.0
2196,75,190,89,70.0,76.0,50.0,81.0,77.0
257892,55,187,74,53.0,55.0,53.0,56.0,59.0
257700,54,187,81,56.0,52.0,48.0,53.0,56.0
257996,49,182,78,52.0,45.0,53.0,49.0,50.0
258799,55,175,68,51.0,58.0,55.0,48.0,62.0
257993,62,193,83,62.0,63.0,59.0,60.0,62.0
258402,52,182,76,53.0,52.0,47.0,50.0,61.0
256413,49,185,76,51.0,48.0,54.0,44.0,48.0
257392,57,182,74,56.0,52.0,61.0,57.0,57.0
256965,56,154,64,52.0,49.0,64.0,51.0,65.0
257287,57,182,74,61.0,55.0,54.0,57.0,60.0
256974,57,187,82,60.0,56.0,55.0,55.0,57.0
255389,62,187,83,62.0,59.0,59.0,62.0,66.0
255291,55,198,102,59.0,52.0,58.0,51.0,54.0
255178,54,182,74,57.0,51.0,53.0,49.0,59.0
255046,68,185,79,69.0,64.0,65.0,70.0,72.0
255424,59,187,82,62.0,58.0,54.0,56.0,60.0
255433,57,190,72,58.0,52.0,53.0,58.0,63.0
252801,62,182,86,60.0,60.0,55.0,60.0,65.0
254389,68,185,79,70.0,68.0,65.0,64.0,68.0
253398,53,185,69,55.0,54.0,50.0,53.0,53.0
252789,56,190,81,56.0,53.0,62.0,57.0,57.0
253944,63,185,74,65.0,58.0,59.0,59.0,67.0
254297,63,187,78,66.0,60.0,60.0,64.0,69.0
251946,50,193,76,50.0,50.0,43.0,50.0,50.0
251742,64,195,83,64.0,68.0,69.0,61.0,60.0
252022,69,190,83,69.0,67.0,65.0,66.0,75.0
251712,74,198,87,71.0,79.0,81.0,75.0,69.0
252065,56,185,79,56.0,59.0,54.0,58.0,55.0
251449,64,187,78,59.0,63.0,58.0,63.0,69.0
248690,53,193,74,46.0,58.0,59.0,52.0,56.0
251164,57,187,77,60.0,53.0,62.0,52.0,63.0
251305,54,187,86,57.0,49.0,51.0,52.0,60.0
251126,68,154,73,67.0,62.0,63.0,69.0,70.0
250957,54,187,82,55.0,56.0,53.0,52.0,59.0
247930,59,182,78,58.0,63.0,55.0,61.0,61.0
245599,60,190,78,60.0,62.0,65.0,58.0,60.0
246236,65,182,78,65.0,63.0,64.0,64.0,65.0
245858,55,185,84,56.0,55.0,55.0,54.0,56.0
246648,52,190,76,49.0,52.0,52.0,53.0,53.0
244256,59,187,76,58.0,61.0,58.0,56.0,60.0
243917,56,193,78,59.0,55.0,60.0,53.0,60.0
245090,54,182,74,57.0,55.0,51.0,50.0,56.0
244386,57,193,79,56.0,53.0,60.0,55.0,60.0
242976,53,193,78,58.0,50.0,46.0,48.0,60.0
242774,61,182,82,62.0,55.0,59.0,54.0,67.0
241217,62,198,97,61.0,65.0,56.0,61.0,62.0
240593,61,154,82,61.0,63.0,60.0,59.0,60.0
241976,73,185,78,74.0,71.0,67.0,72.0,75.0
239651,60,187,79,61.0,56.0,46.0,64.0,61.0
238583,51,182,73,47.0,48.0,53.0,52.0,52.0
239594,55,182,73,60.0,54.0,55.0,48.0,59.0
238526,62,187,78,62.0,63.0,58.0,53.0,67.0
240135,64,182,78,65.0,63.0,68.0,63.0,65.0
239358,63,193,89,63.0,60.0,60.0,62.0,65.0
239101,59,198,93,60.0,62.0,61.0,56.0,57.0
237381,59,187,78,65.0,57.0,60.0,57.0,62.0
238121,61,193,79,63.0,61.0,60.0,59.0,61.0
236867,64,185,79,65.0,63.0,59.0,63.0,64.0
235856,65,182,76,64.0,63.0,67.0,66.0,67.0
235213,68,193,78,69.0,65.0,62.0,66.0,70.0
234877,68,193,89,69.0,68.0,66.0,68.0,69.0
234197,64,190,87,62.0,63.0,66.0,62.0,67.0
234779,70,193,87,68.0,68.0,68.0,71.0,70.0
235141,62,193,83,66.0,62.0,59.0,59.0,60.0
235383,68,187,79,68.0,69.0,60.0,66.0,70.0
233505,55,187,74,57.0,56.0,55.0,55.0,56.0
234371,67,195,82,70.0,65.0,61.0,66.0,68.0
230315,71,193,83,71.0,72.0,72.0,76.0,72.0
231105,67,193,84,69.0,64.0,65.0,64.0,69.0
231244,65,185,72,64.0,63.0,64.0,64.0,67.0
232645,66,182,79,66.0,63.0,63.0,64.0,67.0
230328,76,190,82,77.0,71.0,65.0,77.0,79.0
229444,68,182,83,67.0,68.0,62.0,67.0,71.0
229685,59,193,83,61.0,55.0,59.0,55.0,62.0
227909,65,190,82,66.0,64.0,58.0,63.0,68.0
230179,62,193,87,62.0,60.0,58.0,61.0,63.0
227819,63,187,79,65.0,62.0,56.0,63.0,65.0
223760,58,185,81,56.0,53.0,54.0,63.0,60.0
225877,71,185,79,76.0,66.0,60.0,66.0,75.0
225766,52,193,78,53.0,51.0,52.0,49.0,54.0
225282,68,187,83,67.0,65.0,59.0,68.0,70.0
224041,68,187,83,71.0,68.0,77.0,63.0,69.0
222529,50,185,79,50.0,45.0,44.0,52.0,51.0
222096,62,190,77,64.0,59.0,56.0,60.0,64.0
220314,68,193,87,69.0,67.0,60.0,66.0,70.0
217095,66,182,81,65.0,64.0,62.0,66.0,67.0
217805,72,185,78,73.0,67.0,73.0,70.0,75.0
214088,68,193,68,66.0,66.0,68.0,63.0,72.0
219967,66,190,77,66.0,65.0,63.0,64.0,67.0
219584,67,195,86,68.0,61.0,61.0,66.0,69.0
214983,72,190,87,72.0,72.0,65.0,73.0,71.0
219643,63,185,84,62.0,60.0,59.0,63.0,63.0
212948,68,185,87,71.0,62.0,61.0,68.0,75.0
211353,67,193,86,69.0,62.0,59.0,61.0,72.0
213573,68,187,79,67.0,69.0,58.0,65.0,70.0
212973,65,190,88,65.0,64.0,65.0,66.0,68.0
211946,69,187,91,70.0,65.0,59.0,67.0,74.0
211327,70,185,82,71.0,68.0,71.0,68.0,70.0
213615,69,182,71,71.0,64.0,65.0,67.0,71.0
210476,67,193,89,66.0,69.0,62.0,66.0,67.0
210599,67,187,79,69.0,61.0,64.0,68.0,71.0
209002,62,193,82,63.0,61.0,58.0,62.0,63.0
205455,65,187,83,67.0,64.0,63.0,56.0,70.0
204825,61,185,73,63.0,59.0,60.0,57.0,63.0
204062,68,182,82,69.0,66.0,65.0,69.0,68.0
204354,66,187,82,66.0,63.0,65.0,66.0,66.0
204092,73,193,87,71.0,71.0,68.0,71.0,78.0
205812,71,193,78,72.0,67.0,64.0,69.0,75.0
205894,69,154,68,,,,70.0,75.0
206065,66,190,81,66.0,65.0,67.0,62.0,70.0
202770,66,190,96,67.0,66.0,65.0,65.0,69.0
201936,73,193,78,73.0,67.0,61.0,73.0,76.0
201299,70,193,82,72.0,70.0,58.0,64.0,73.0
200525,65,198,78,66.0,66.0,62.0,65.0,63.0
196885,69,193,84,66.0,71.0,62.0,68.0,70.0
193222,70,195,92,73.0,64.0,58.0,71.0,72.0
193013,65,154,76,64.0,63.0,58.0,66.0,66.0
194198,68,187,83,68.0,67.0,64.0,67.0,68.0
189707,72,185,81,71.0,71.0,64.0,75.0,72.0
188610,66,198,86,66.0,68.0,56.0,69.0,64.0
192457,63,190,83,63.0,65.0,57.0,61.0,62.0
186655,68,182,82,73.0,67.0,69.0,68.0,61.0
189936,70,195,78,70.0,66.0,67.0,71.0,69.0
191528,60,187,81,58.0,53.0,56.0,62.0,62.0
186488,61,193,87,62.0,61.0,62.0,61.0,58.0
188950,60,195,89,60.0,61.0,54.0,58.0,62.0
182959,74,193,87,72.0,72.0,70.0,75.0,72.0
178766,63,185,84,59.0,64.0,70.0,63.0,61.0
182043,71,193,79,70.0,66.0,69.0,71.0,74.0
182474,62,190,81,62.0,61.0,64.0,61.0,60.0
181481,74,187,94,73.0,70.0,63.0,78.0,76.0
183596,64,187,86,65.0,64.0,64.0,61.0,63.0
184926,73,198,91,75.0,70.0,73.0,74.0,72.0
177621,71,182,79,68.0,68.0,71.0,72.0,73.0
183347,64,195,79,63.0,61.0,62.0,65.0,66.0
184040,66,187,84,65.0,64.0,64.0,65.0,66.0
178767,66,193,89,63.0,65.0,64.0,65.0,67.0
178283,69,195,86,68.0,67.0,73.0,68.0,71.0
178289,65,185,81,65.0,66.0,65.0,64.0,65.0
182743,67,195,87,70.0,66.0,67.0,61.0,69.0
166937,74,195,86,73.0,73.0,71.0,74.0,74.0
163873,72,187,83,71.0,72.0,68.0,76.0,71.0
169493,69,154,76,67.0,67.0,60.0,66.0,74.0
169404,66,198,94,66.0,63.0,59.0,66.0,70.0
176509,64,193,87,64.0,64.0,63.0,62.0,68.0
176895,68,182,78,70.0,63.0,68.0,65.0,68.0
166744,73,190,82,71.0,74.0,56.0,75.0,74.0
155532,70,190,99,72.0,70.0,69.0,69.0,68.0
53110,71,193,83,72.0,70.0,56.0,70.0,74.0
156483,71,182,73,72.0,69.0,76.0,69.0,70.0
150278,72,193,89,71.0,73.0,45.0,74.0,72.0
142721,75,182,73,73.0,70.0,64.0,78.0,77.0
120243,62,187,83,56.0,58.0,64.0,67.0,59.0
142258,72,187,79,72.0,70.0,65.0,73.0,71.0
54037,64,185,79,64.0,60.0,59.0,64.0,66.0
143632,74,190,89,75.0,71.0,75.0,72.0,73.0
488,87,187,89,83.0,88.0,62.0,92.0,83.0
259102,57,187,79,55.0,59.0,56.0,55.0,58.0
258727,59,154,74,55.0,65.0,56.0,52.0,58.0
258664,48,175,69,49.0,48.0,47.0,47.0,50.0
258767,60,185,74,63.0,58.0,55.0,59.0,62.0
258755,57,190,79,54.0,51.0,54.0,58.0,61.0
258056,53,182,76,58.0,48.0,56.0,52.0,51.0
257998,62,187,79,65.0,62.0,52.0,60.0,64.0
258156,60,182,76,60.0,65.0,63.0,50.0,60.0
257304,63,190,87,66.0,65.0,58.0,64.0,67.0
257140,56,185,81,58.0,53.0,49.0,57.0,62.0
257375,62,182,78,59.0,61.0,60.0,62.0,65.0
257721,58,195,88,63.0,52.0,54.0,51.0,62.0
257901,57,154,68,55.0,55.0,52.0,60.0,56.0
257854,53,187,69,57.0,55.0,54.0,52.0,56.0
256873,51,187,83,53.0,51.0,58.0,41.0,55.0
257149,58,187,78,57.0,55.0,56.0,56.0,62.0
257235,60,185,82,59.0,60.0,60.0,59.0,58.0
255952,60,190,84,59.0,61.0,58.0,60.0,58.0
255727,55,187,82,55.0,59.0,48.0,54.0,55.0
256145,59,182,73,57.0,59.0,57.0,56.0,60.0
256053,54,187,86,59.0,51.0,48.0,52.0,58.0
254907,53,185,81,54.0,55.0,53.0,47.0,52.0
255290,60,185,79,61.0,59.0,53.0,58.0,61.0
255203,62,187,88,61.0,62.0,62.0,61.0,63.0
255681,58,154,78,55.0,58.0,56.0,56.0,57.0
255345,56,182,79,58.0,58.0,50.0,55.0,55.0
254876,62,182,83,66.0,57.0,59.0,56.0,65.0
254939,63,190,86,63.0,60.0,63.0,62.0,61.0
255014,52,185,78,58.0,49.0,49.0,47.0,57.0
255674,59,154,69,58.0,57.0,54.0,61.0,57.0
254122,56,193,82,56.0,58.0,53.0,52.0,58.0
253955,55,185,74,56.0,58.0,57.0,54.0,57.0
254399,58,185,79,60.0,57.0,58.0,57.0,58.0
254401,62,182,79,60.0,60.0,60.0,62.0,65.0
252980,56,154,63,55.0,54.0,55.0,54.0,55.0
253211,61,154,78,64.0,65.0,68.0,56.0,59.0
253110,57,198,94,58.0,55.0,57.0,58.0,55.0
252914,59,182,78,61.0,62.0,61.0,59.0,63.0
253090,63,187,83,65.0,63.0,65.0,63.0,59.0
253632,70,182,78,72.0,75.0,68.0,70.0,65.0
252112,63,190,81,62.0,64.0,59.0,61.0,63.0
252241,55,193,87,55.0,54.0,51.0,51.0,56.0
252158,51,185,74,50.0,54.0,54.0,52.0,49.0
252406,57,193,76,55.0,60.0,58.0,56.0,56.0
251709,66,185,83,65.0,66.0,59.0,66.0,66.0
252538,55,187,83,57.0,57.0,53.0,53.0,56.0
252140,61,187,92,63.0,60.0,57.0,60.0,62.0
251733,58,187,87,59.0,61.0,51.0,57.0,56.0
252257,56,193,74,58.0,53.0,58.0,53.0,59.0
252214,52,154,78,55.0,57.0,53.0,51.0,48.0
251345,58,198,86,59.0,57.0,56.0,56.0,58.0
250951,52,187,83,55.0,58.0,58.0,47.0,50.0
250939,70,187,78,72.0,67.0,64.0,73.0,75.0
251503,71,193,86,71.0,72.0,71.0,71.0,67.0
251285,59,185,84,63.0,56.0,57.0,54.0,60.0
251369,57,187,89,60.0,58.0,53.0,54.0,59.0
250797,68,187,79,72.0,64.0,68.0,69.0,70.0
251332,57,190,74,55.0,54.0,53.0,59.0,58.0
251366,55,195,83,57.0,54.0,51.0,52.0,58.0
250865,53,187,77,53.0,51.0,61.0,51.0,56.0
247976,68,182,79,66.0,67.0,66.0,68.0,68.0
248091,70,182,82,70.0,65.0,62.0,69.0,74.0
247428,54,187,79,56.0,52.0,53.0,53.0,55.0
247756,59,190,78,61.0,59.0,59.0,57.0,59.0
247448,52,190,87,53.0,52.0,50.0,46.0,60.0
247593,50,190,83,49.0,59.0,59.0,49.0,49.0
247494,50,182,73,54.0,53.0,49.0,49.0,47.0
248586,59,193,76,59.0,60.0,55.0,58.0,61.0
247561,58,190,77,60.0,58.0,61.0,62.0,56.0
245991,51,187,74,53.0,51.0,50.0,50.0,52.0
245558,52,187,89,48.0,52.0,53.0,58.0,46.0
246740,58,182,73,63.0,59.0,57.0,55.0,59.0
246806,69,154,76,73.0,54.0,61.0,73.0,74.0
245797,53,193,84,57.0,56.0,54.0,53.0,52.0
247020,57,187,87,57.0,58.0,53.0,52.0,59.0
244943,50,185,79,55.0,53.0,55.0,41.0,50.0
244443,49,182,74,47.0,50.0,50.0,48.0,52.0
245176,60,187,79,63.0,61.0,59.0,61.0,60.0
244620,55,190,84,59.0,54.0,56.0,50.0,58.0
244987,66,185,83,68.0,62.0,57.0,76.0,68.0
245292,52,187,79,47.0,54.0,58.0,51.0,54.0
244584,70,187,82,69.0,66.0,73.0,71.0,71.0
245057,53,187,79,56.0,47.0,58.0,47.0,59.0
243750,54,187,83,55.0,55.0,58.0,53.0,55.0
243685,50,154,72,50.0,49.0,54.0,45.0,50.0
242446,62,190,79,60.0,57.0,56.0,62.0,63.0
243476,62,187,73,60.0,63.0,59.0,62.0,61.0
243198,53,193,86,56.0,54.0,59.0,53.0,50.0
243294,56,154,83,60.0,54.0,49.0,54.0,58.0
242585,59,187,88,59.0,57.0,64.0,58.0,59.0
241648,61,190,86,60.0,63.0,55.0,62.0,63.0
241769,73,187,86,74.0,72.0,68.0,75.0,75.0
241655,58,190,74,61.0,55.0,60.0,58.0,59.0
241207,60,182,74,64.0,57.0,55.0,56.0,62.0
242179,57,193,88,61.0,55.0,54.0,60.0,58.0
240371,69,187,82,72.0,64.0,64.0,67.0,69.0
240218,61,198,92,62.0,60.0,63.0,63.0,57.0
240856,62,185,76,63.0,60.0,42.0,61.0,64.0
240212,65,198,89,66.0,63.0,63.0,66.0,67.0
240657,55,190,74,58.0,59.0,51.0,49.0,58.0
240817,59,185,87,56.0,58.0,52.0,60.0,63.0
240245,63,154,77,61.0,62.0,60.0,62.0,67.0
240704,61,182,81,58.0,58.0,56.0,61.0,63.0
237463,53,187,73,54.0,52.0,51.0,52.0,51.0
238013,72,185,76,72.0,71.0,69.0,70.0,76.0
237543,66,185,82,69.0,63.0,63.0,62.0,70.0
236543,71,193,82,69.0,73.0,65.0,70.0,72.0
235925,66,190,87,68.0,60.0,68.0,66.0,69.0
237318,61,154,82,62.0,62.0,56.0,62.0,64.0
237201,61,182,78,62.0,60.0,64.0,60.0,62.0
235590,66,193,78,63.0,68.0,64.0,,63.0
236824,63,193,74,60.0,65.0,48.0,64.0,64.0
237250,62,187,83,63.0,59.0,60.0,60.0,65.0
234049,66,195,77,74.0,65.0,60.0,56.0,69.0
233977,71,190,87,71.0,70.0,74.0,72.0,69.0
233949,52,182,73,50.0,54.0,51.0,53.0,55.0
233407,52,187,78,57.0,49.0,42.0,40.0,59.0
233999,70,154,76,64.0,68.0,69.0,68.0,75.0
234089,51,187,76,54.0,49.0,50.0,48.0,52.0
234050,62,190,79,64.0,59.0,66.0,58.0,64.0
234818,57,185,78,57.0,57.0,59.0,48.0,61.0
232713,69,193,89,63.0,72.0,68.0,71.0,69.0
233087,67,172,67,64.0,64.0,71.0,68.0,67.0
231237,65,195,88,65.0,63.0,67.0,65.0,66.0
231681,60,185,73,63.0,56.0,54.0,59.0,63.0
231351,68,193,87,68.0,66.0,67.0,69.0,68.0
230195,75,154,73,74.0,71.0,69.0,75.0,76.0
231075,60,182,76,61.0,54.0,60.0,69.0,58.0
230317,76,193,89,71.0,77.0,76.0,72.0,77.0
230653,61,190,79,61.0,59.0,56.0,58.0,64.0
230787,65,185,79,64.0,63.0,62.0,65.0,68.0
230893,61,187,69,64.0,60.0,58.0,62.0,64.0
230169,70,182,77,69.0,73.0,58.0,63.0,74.0
229227,58,187,82,62.0,54.0,58.0,56.0,59.0
225751,59,195,79,60.0,59.0,56.0,56.0,57.0
225511,65,185,73,66.0,64.0,61.0,63.0,68.0
225432,62,185,76,64.0,54.0,61.0,58.0,68.0
225213,63,193,89,63.0,59.0,59.0,62.0,64.0
227497,71,187,78,73.0,68.0,64.0,69.0,73.0
227668,65,187,83,63.0,63.0,67.0,64.0,64.0
224068,63,182,77,63.0,61.0,62.0,58.0,66.0
222621,61,185,74,59.0,55.0,52.0,60.0,63.0
223352,64,154,86,64.0,64.0,61.0,61.0,64.0
223488,62,198,89,64.0,61.0,58.0,60.0,64.0
223175,65,187,78,66.0,68.0,61.0,62.0,68.0
223982,60,190,84,57.0,57.0,55.0,60.0,63.0
222829,63,187,83,64.0,60.0,56.0,62.0,67.0
224215,61,185,77,65.0,57.0,59.0,54.0,65.0
222095,59,187,79,63.0,57.0,61.0,58.0,60.0
221700,69,190,87,69.0,67.0,65.0,69.0,71.0
221463,65,182,86,57.0,65.0,73.0,69.0,67.0
220985,60,200,99,61.0,59.0,61.0,61.0,60.0
220624,69,187,83,68.0,70.0,67.0,66.0,72.0
221531,67,190,79,68.0,64.0,68.0,66.0,68.0
222263,67,187,79,68.0,65.0,61.0,65.0,70.0
215123,74,154,79,75.0,72.0,63.0,72.0,76.0
218175,66,187,81,64.0,61.0,69.0,67.0,70.0
214761,66,190,87,62.0,65.0,67.0,62.0,69.0
215048,69,187,81,67.0,68.0,70.0,69.0,71.0
212406,70,193,81,69.0,68.0,70.0,69.0,72.0
210140,70,187,83,69.0,68.0,70.0,70.0,70.0
211132,67,193,91,65.0,67.0,66.0,69.0,68.0
211090,61,190,83,61.0,62.0,59.0,62.0,60.0
211021,69,182,72,70.0,65.0,72.0,70.0,67.0
209572,61,182,73,59.0,60.0,60.0,61.0,61.0
207899,67,187,86,67.0,65.0,69.0,65.0,67.0
209333,67,185,73,67.0,65.0,68.0,65.0,69.0
209957,67,187,87,69.0,62.0,65.0,65.0,70.0
208958,62,187,87,65.0,56.0,61.0,61.0,64.0
208778,66,190,79,69.0,64.0,63.0,63.0,69.0
209193,65,187,87,65.0,66.0,61.0,59.0,68.0
208719,71,187,94,72.0,64.0,69.0,75.0,78.0
209990,73,193,89,74.0,64.0,63.0,74.0,79.0
208679,70,187,79,71.0,65.0,62.0,67.0,75.0
210006,63,193,83,67.0,56.0,65.0,59.0,67.0
204922,66,182,72,67.0,66.0,59.0,62.0,67.0
206488,66,185,83,66.0,61.0,61.0,64.0,69.0
205496,69,190,84,71.0,69.0,64.0,67.0,71.0
205377,66,185,87,64.0,64.0,62.0,64.0,70.0
205288,70,185,84,71.0,68.0,63.0,65.0,72.0
204380,68,187,87,67.0,64.0,65.0,69.0,74.0
204931,66,190,67,67.0,65.0,67.0,64.0,65.0
206412,66,187,78,67.0,63.0,63.0,65.0,69.0
204773,64,187,81,66.0,62.0,65.0,61.0,66.0
203766,72,187,83,72.0,68.0,70.0,73.0,74.0
203215,66,182,72,66.0,61.0,58.0,68.0,68.0
202630,68,195,83,65.0,66.0,67.0,67.0,71.0
202655,56,187,84,54.0,57.0,58.0,59.0,53.0
203239,70,193,87,67.0,69.0,62.0,71.0,69.0
202125,64,193,94,65.0,63.0,67.0,66.0,65.0
201112,67,190,82,70.0,59.0,54.0,71.0,69.0
202570,65,187,83,67.0,64.0,65.0,67.0,69.0
201873,65,190,97,67.0,62.0,63.0,63.0,65.0
203090,60,185,79,65.0,58.0,59.0,55.0,59.0
202786,64,190,87,70.0,61.0,64.0,60.0,68.0
203928,71,185,83,71.0,69.0,60.0,68.0,75.0
202810,70,185,83,70.0,67.0,57.0,68.0,73.0
197678,70,187,83,78.0,62.0,58.0,63.0,75.0
198299,65,187,82,69.0,66.0,61.0,62.0,64.0
199245,65,190,89,64.0,66.0,65.0,65.0,62.0
200696,65,187,78,66.0,61.0,64.0,63.0,68.0
199721,70,187,83,73.0,64.0,70.0,67.0,71.0
200209,68,190,83,67.0,66.0,69.0,69.0,71.0
200734,63,195,83,63.0,64.0,65.0,62.0,64.0
193665,63,187,84,63.0,62.0,63.0,64.0,66.0
195356,66,190,79,68.0,66.0,62.0,66.0,67.0
194647,68,190,86,65.0,69.0,63.0,68.0,71.0
193312,67,190,83,67.0,64.0,65.0,67.0,68.0
193336,72,193,83,73.0,72.0,60.0,71.0,74.0
191848,63,190,86,63.0,58.0,69.0,61.0,64.0
190822,64,200,102,60.0,63.0,65.0,61.0,69.0
188968,67,154,78,65.0,65.0,62.0,70.0,69.0
191093,66,187,82,66.0,66.0,58.0,65.0,65.0
189430,70,187,83,71.0,67.0,53.0,69.0,76.0
190435,72,187,82,69.0,70.0,68.0,72.0,75.0
189233,68,187,78,72.0,65.0,63.0,66.0,67.0
188524,72,193,86,73.0,70.0,68.0,76.0,72.0
188017,66,185,79,62.0,64.0,62.0,71.0,65.0
183597,65,187,88,69.0,67.0,66.0,63.0,63.0
183244,67,193,88,67.0,66.0,63.0,67.0,67.0
182224,71,187,91,70.0,69.0,70.0,68.0,72.0
183315,71,193,87,69.0,70.0,66.0,72.0,73.0
186147,61,185,78,64.0,59.0,60.0,55.0,64.0
187857,63,195,87,59.0,62.0,63.0,61.0,65.0
186694,59,172,68,60.0,65.0,65.0,62.0,54.0
184222,66,195,87,66.0,68.0,53.0,65.0,66.0
186781,70,187,83,74.0,64.0,65.0,64.0,74.0
186604,68,185,78,75.0,65.0,51.0,59.0,79.0
186494,63,154,73,64.0,63.0,62.0,63.0,64.0
182520,71,182,79,73.0,71.0,60.0,69.0,74.0
186882,70,187,81,72.0,66.0,65.0,72.0,74.0
183475,72,185,82,73.0,70.0,64.0,73.0,75.0
184763,64,187,84,65.0,60.0,55.0,62.0,66.0
177299,73,182,83,71.0,72.0,65.0,71.0,77.0
173401,60,185,84,59.0,60.0,52.0,59.0,61.0
181256,72,193,87,70.0,71.0,69.0,77.0,70.0
180337,69,187,83,69.0,68.0,75.0,68.0,70.0
178211,65,185,79,61.0,63.0,64.0,70.0,65.0
168434,63,185,79,58.0,64.0,63.0,70.0,60.0
166713,58,154,74,59.0,58.0,60.0,56.0,58.0
172837,70,190,84,70.0,70.0,59.0,69.0,70.0
163791,68,154,84,65.0,67.0,65.0,69.0,66.0
167666,72,187,87,74.0,68.0,72.0,72.0,73.0
162952,67,182,79,65.0,67.0,67.0,65.0,63.0
167435,70,182,82,66.0,70.0,69.0,70.0,72.0
168965,70,187,81,70.0,68.0,66.0,71.0,68.0
149258,72,187,83,68.0,71.0,62.0,72.0,74.0
148212,70,193,89,69.0,66.0,64.0,74.0,69.0
158826,70,187,81,70.0,68.0,67.0,71.0,70.0
143743,72,190,93,67.0,76.0,62.0,80.0,67.0
143598,71,193,86,71.0,68.0,64.0,72.0,70.0
142959,75,187,78,76.0,72.0,76.0,74.0,75.0
142333,60,190,69,60.0,61.0,54.0,60.0,57.0
157018,64,182,82,63.0,62.0,66.0,66.0,65.0
152523,63,193,87,64.0,60.0,58.0,62.0,65.0
147579,74,190,81,70.0,72.0,60.0,76.0,71.0
51261,70,190,92,72.0,70.0,69.0,69.0,68.0
116494,79,187,92,77.0,78.0,76.0,78.0,77.0
139257,67,187,84,67.0,65.0,61.0,65.0,67.0
138026,69,193,94,70.0,66.0,65.0,70.0,71.0
138798,72,185,77,70.0,70.0,74.0,70.0,72.0
106795,70,182,76,70.0,68.0,60.0,70.0,70.0
114764,75,190,88,69.0,77.0,74.0,85.0,67.0
44897,72,187,78,75.0,73.0,56.0,73.0,76.0
110082,72,185,82,78.0,75.0,78.0,68.0,69.0
48717,80,185,78,83.0,77.0,62.0,77.0,81.0
53736,67,182,73,65.0,65.0,71.0,65.0,67.0
49472,73,187,83,74.0,69.0,62.0,74.0,75.0
114356,66,185,87,67.0,60.0,68.0,65.0,64.0
101317,63,187,84,62.0,64.0,35.0,64.0,64.0
52582,73,187,76,,,63.0,77.0,
3712,75,195,84,75.0,74.0,67.0,82.0,72.0
13914,69,193,89,66.0,67.0,74.0,71.0,65.0
258732,50,182,76,56.0,50.0,51.0,48.0,50.0
258983,58,198,87,59.0,59.0,57.0,60.0,56.0
258670,51,154,73,53.0,50.0,55.0,52.0,54.0
258321,61,154,74,55.0,65.0,66.0,62.0,63.0
258264,66,190,88,69.0,68.0,67.0,69.0,68.0
258810,57,190,83,56.0,57.0,52.0,54.0,59.0
258323,62,154,74,71.0,62.0,65.0,60.0,64.0
258305,54,187,74,58.0,56.0,50.0,46.0,58.0
258918,49,187,74,50.0,48.0,46.0,48.0,54.0
258351,50,187,83,54.0,50.0,54.0,53.0,46.0
258466,63,185,78,64.0,62.0,66.0,60.0,63.0
258780,57,190,74,59.0,58.0,57.0,52.0,54.0
257656,55,193,84,53.0,57.0,58.0,54.0,58.0
258181,60,187,78,56.0,58.0,57.0,57.0,59.0
258183,60,187,77,58.0,57.0,64.0,61.0,62.0
257638,56,193,83,56.0,54.0,55.0,57.0,60.0
258106,52,182,83,53.0,58.0,58.0,53.0,45.0
257176,58,190,79,61.0,55.0,57.0,54.0,61.0
256537,56,190,79,60.0,53.0,56.0,45.0,62.0
257237,61,185,74,59.0,59.0,60.0,59.0,62.0
256463,52,190,83,56.0,54.0,53.0,44.0,55.0
255800,55,187,69,55.0,52.0,58.0,52.0,54.0
255982,53,172,63,51.0,52.0,55.0,51.0,53.0
255976,53,187,74,62.0,54.0,48.0,52.0,53.0
255127,61,154,72,60.0,59.0,61.0,60.0,62.0
255661,52,154,72,53.0,58.0,54.0,54.0,49.0
255208,52,193,84,54.0,51.0,50.0,51.0,53.0
255485,62,182,77,60.0,62.0,60.0,62.0,61.0
255412,60,185,76,63.0,58.0,57.0,56.0,62.0
255129,61,182,82,59.0,60.0,59.0,59.0,60.0
255301,57,185,72,65.0,52.0,56.0,51.0,55.0
255641,57,187,81,61.0,55.0,48.0,53.0,56.0
255498,53,190,87,51.0,52.0,46.0,55.0,60.0
255159,58,185,78,63.0,55.0,60.0,54.0,55.0
255262,60,190,82,59.0,57.0,,,
255334,60,190,79,60.0,59.0,61.0,59.0,60.0
255664,52,182,82,50.0,58.0,50.0,49.0,51.0
254550,53,187,82,49.0,56.0,52.0,52.0,55.0
254584,62,154,77,59.0,58.0,60.0,64.0,66.0
254530,55,193,79,57.0,52.0,55.0,54.0,62.0
254601,67,190,79,67.0,68.0,65.0,64.0,66.0
254645,64,187,84,66.0,65.0,66.0,61.0,65.0
254506,63,182,76,63.0,67.0,61.0,64.0,65.0
254978,54,190,78,52.0,54.0,57.0,54.0,56.0
254714,65,185,99,63.0,68.0,66.0,65.0,66.0
254613,59,182,72,57.0,58.0,59.0,61.0,57.0
254573,53,185,69,55.0,51.0,54.0,51.0,55.0
254712,63,154,73,65.0,62.0,66.0,61.0,62.0
254981,56,154,71,53.0,59.0,52.0,55.0,55.0
255053,66,182,83,65.0,69.0,64.0,65.0,61.0
254811,54,154,73,57.0,56.0,48.0,55.0,52.0
253839,59,154,69,58.0,59.0,60.0,56.0,57.0
254085,58,193,79,57.0,52.0,60.0,55.0,62.0
254008,64,182,79,64.0,61.0,67.0,62.0,65.0
254266,60,154,73,56.0,70.0,59.0,56.0,57.0
254049,59,195,92,60.0,56.0,56.0,55.0,61.0
254196,61,187,82,60.0,62.0,61.0,55.0,63.0
253949,61,154,74,64.0,57.0,64.0,61.0,62.0
253844,65,182,73,61.0,63.0,62.0,65.0,65.0
253216,60,195,83,57.0,58.0,64.0,62.0,60.0
253838,66,193,88,69.0,64.0,66.0,66.0,64.0
253628,59,185,78,59.0,60.0,58.0,57.0,56.0
253083,51,154,78,58.0,55.0,51.0,40.0,55.0
253638,61,182,78,59.0,59.0,61.0,60.0,63.0
253410,51,200,92,66.0,45.0,48.0,43.0,47.0
253688,57,190,82,58.0,57.0,49.0,54.0,56.0
253174,53,195,69,54.0,49.0,52.0,55.0,57.0
253003,54,193,73,62.0,55.0,51.0,45.0,58.0
252847,64,193,84,60.0,62.0,68.0,65.0,66.0
252227,55,190,78,53.0,59.0,54.0,53.0,53.0
252458,57,185,76,58.0,59.0,53.0,58.0,55.0
252420,51,190,79,50.0,49.0,50.0,53.0,55.0
252957,55,185,74,54.0,58.0,56.0,58.0,57.0
252519,49,187,74,47.0,51.0,48.0,42.0,57.0
252462,59,185,73,59.0,59.0,55.0,58.0,57.0
252046,54,187,83,54.0,54.0,47.0,54.0,56.0
251772,55,154,82,51.0,59.0,59.0,55.0,54.0
251753,54,187,79,56.0,53.0,56.0,50.0,56.0
251563,50,185,82,53.0,54.0,47.0,46.0,48.0
251904,55,182,78,57.0,51.0,54.0,47.0,62.0
251818,66,185,79,64.0,65.0,63.0,72.0,67.0
251996,64,190,82,61.0,64.0,66.0,65.0,66.0
251433,51,195,84,52.0,55.0,52.0,42.0,57.0
250916,66,187,83,67.0,65.0,59.0,63.0,69.0
251095,58,198,78,59.0,55.0,56.0,57.0,62.0
250920,59,193,86,59.0,55.0,57.0,60.0,61.0
251218,57,187,79,57.0,55.0,52.0,55.0,58.0
250978,48,195,84,49.0,47.0,45.0,44.0,46.0
247944,64,190,82,64.0,59.0,60.0,64.0,66.0
248732,55,193,77,54.0,53.0,54.0,54.0,55.0
248462,57,187,72,57.0,58.0,54.0,57.0,60.0
247882,68,185,73,71.0,67.0,65.0,70.0,72.0
247977,57,187,82,56.0,55.0,56.0,53.0,59.0
247099,55,185,74,54.0,59.0,52.0,53.0,55.0
247866,50,193,79,48.0,51.0,56.0,40.0,56.0
247611,61,187,74,62.0,61.0,59.0,60.0,62.0
247272,55,190,74,56.0,56.0,49.0,48.0,60.0
247202,56,182,69,54.0,63.0,53.0,51.0,54.0
247121,57,187,87,54.0,60.0,59.0,53.0,56.0
247132,52,187,79,54.0,51.0,49.0,46.0,53.0
247127,57,193,83,57.0,55.0,53.0,55.0,58.0
247067,62,154,68,61.0,62.0,53.0,60.0,64.0
247620,55,187,97,56.0,53.0,58.0,55.0,60.0
246822,69,187,83,68.0,70.0,63.0,64.0,74.0
246468,49,185,73,49.0,48.0,54.0,54.0,49.0
246884,67,187,89,66.0,68.0,65.0,65.0,69.0
247058,54,182,73,57.0,54.0,52.0,55.0,52.0
245589,63,190,78,62.0,65.0,56.0,66.0,61.0
245800,60,182,74,60.0,60.0,57.0,58.0,60.0
245210,53,187,74,54.0,54.0,58.0,54.0,54.0
246032,58,190,87,52.0,57.0,59.0,54.0,67.0
245542,49,182,83,49.0,51.0,44.0,45.0,50.0
245862,47,182,78,52.0,52.0,52.0,40.0,44.0
245514,48,182,68,47.0,46.0,46.0,51.0,53.0
245276,58,190,77,58.0,53.0,58.0,54.0,64.0
244458,60,187,87,61.0,63.0,56.0,56.0,61.0
244020,65,193,78,66.0,65.0,55.0,63.0,68.0
244258,67,185,79,70.0,67.0,66.0,63.0,68.0
244051,60,195,84,65.0,56.0,64.0,55.0,67.0
244719,55,187,86,58.0,56.0,56.0,54.0,57.0
244440,53,182,78,50.0,52.0,58.0,58.0,52.0
244001,59,190,76,60.0,57.0,60.0,56.0,63.0
244656,65,154,72,66.0,64.0,58.0,59.0,68.0
243594,57,185,74,61.0,55.0,61.0,54.0,56.0
243202,50,185,73,56.0,48.0,45.0,44.0,52.0
243072,51,154,64,55.0,54.0,54.0,48.0,45.0
243587,63,185,78,65.0,60.0,62.0,59.0,63.0
243905,57,195,87,56.0,58.0,55.0,56.0,63.0
243610,63,185,82,64.0,60.0,57.0,61.0,64.0
243387,55,203,84,61.0,57.0,53.0,52.0,55.0
243073,50,185,78,46.0,56.0,55.0,45.0,53.0
243711,50,182,81,57.0,51.0,46.0,45.0,51.0
242934,68,185,74,66.0,,,68.0,
242721,58,195,92,55.0,60.0,58.0,58.0,55.0
242514,69,193,79,69.0,,,,
242301,50,193,87,51.0,50.0,45.0,50.0,52.0
241050,68,195,89,70.0,65.0,69.0,63.0,69.0
240884,53,187,79,52.0,53.0,58.0,50.0,56.0
240735,63,182,74,64.0,64.0,56.0,65.0,66.0
241247,72,185,73,72.0,70.0,70.0,73.0,72.0
240584,59,185,82,62.0,60.0,61.0,54.0,59.0
241033,55,193,74,56.0,52.0,55.0,55.0,57.0
241047,53,185,81,53.0,47.0,48.0,56.0,57.0
241641,55,187,72,56.0,53.0,59.0,53.0,56.0
240662,64,187,78,64.0,61.0,63.0,60.0,71.0
240681,59,190,74,59.0,58.0,56.0,59.0,61.0
240889,60,185,74,58.0,62.0,69.0,54.0,59.0
240667,57,154,74,59.0,57.0,51.0,54.0,60.0
241099,53,182,81,58.0,52.0,55.0,53.0,52.0
240894,57,182,86,62.0,51.0,60.0,54.0,61.0
241223,59,195,79,60.0,55.0,57.0,54.0,62.0
241327,53,187,81,52.0,52.0,51.0,52.0,52.0
241210,69,187,79,69.0,67.0,66.0,67.0,71.0
239559,62,187,78,62.0,60.0,61.0,60.0,63.0
240339,54,185,78,54.0,56.0,51.0,48.0,57.0
240286,50,185,72,47.0,56.0,54.0,44.0,52.0
239746,62,198,102,59.0,59.0,57.0,63.0,66.0
240225,58,193,82,59.0,65.0,64.0,52.0,61.0
239846,71,193,89,73.0,70.0,70.0,63.0,75.0
239076,59,190,77,65.0,57.0,58.0,53.0,63.0
238223,67,185,73,69.0,71.0,62.0,65.0,65.0
238994,53,182,78,54.0,53.0,55.0,50.0,51.0
238997,60,187,83,60.0,56.0,54.0,58.0,61.0
238919,59,190,78,61.0,56.0,59.0,58.0,59.0
238298,58,182,79,62.0,56.0,49.0,52.0,61.0
239172,59,187,76,61.0,52.0,60.0,58.0,60.0
237205,52,187,79,54.0,46.0,56.0,55.0,47.0
237232,60,193,81,60.0,60.0,56.0,58.0,66.0
237802,62,190,83,63.0,60.0,62.0,62.0,59.0
235312,69,182,83,69.0,68.0,67.0,65.0,72.0
235932,62,193,83,63.0,61.0,58.0,58.0,65.0
235421,58,182,81,61.0,56.0,54.0,54.0,60.0
236371,56,187,79,56.0,55.0,51.0,51.0,60.0
235354,58,193,93,55.0,56.0,63.0,60.0,60.0
235629,68,190,83,67.0,68.0,74.0,67.0,70.0
234735,66,193,84,,,,,
234993,63,198,78,61.0,62.0,60.0,61.0,65.0
233886,58,185,79,61.0,59.0,56.0,58.0,62.0
233725,64,195,83,66.0,60.0,62.0,62.0,63.0
233107,45,182,82,44.0,41.0,52.0,39.0,46.0
233425,62,185,73,66.0,61.0,56.0,60.0,63.0
232449,58,185,83,59.0,60.0,55.0,51.0,59.0
232549,67,187,78,69.0,65.0,65.0,67.0,69.0
233691,60,193,79,64.0,64.0,54.0,58.0,60.0
232847,66,182,83,67.0,70.0,62.0,66.0,62.0
232447,65,187,79,64.0,64.0,58.0,63.0,63.0
232131,53,195,86,55.0,52.0,52.0,51.0,56.0
232350,69,190,82,73.0,61.0,66.0,66.0,75.0
231071,67,154,73,72.0,64.0,62.0,61.0,72.0
231258,65,185,77,66.0,64.0,58.0,64.0,68.0
231196,60,182,78,60.0,61.0,60.0,59.0,61.0
230324,74,193,87,68.0,76.0,74.0,77.0,73.0
230572,61,185,78,61.0,60.0,50.0,61.0,62.0
230191,74,190,79,82.0,73.0,73.0,74.0,69.0
230172,67,193,81,61.0,60.0,40.0,77.0,67.0
230631,62,190,84,65.0,62.0,58.0,59.0,61.0
230167,67,187,84,66.0,68.0,63.0,64.0,72.0
230185,72,154,78,72.0,71.0,75.0,68.0,73.0
229655,65,190,83,61.0,62.0,63.0,64.0,68.0
229255,71,185,78,72.0,66.0,60.0,70.0,74.0
228998,57,182,79,,,,,60.0
228845,64,182,74,62.0,64.0,63.0,62.0,62.0
229114,59,185,81,59.0,57.0,55.0,57.0,60.0
229662,64,198,94,67.0,60.0,,64.0,61.0
229345,61,185,78,65.0,52.0,51.0,61.0,64.0
229135,62,190,69,60.0,62.0,60.0,63.0,66.0
229067,63,190,82,65.0,59.0,60.0,63.0,64.0
228231,72,182,88,76.0,69.0,69.0,68.0,73.0
228221,69,187,76,67.0,70.0,66.0,68.0,67.0
228611,58,154,86,60.0,55.0,56.0,57.0,59.0
228607,63,185,82,68.0,57.0,69.0,58.0,67.0
227653,61,190,92,58.0,64.0,60.0,65.0,57.0
228777,70,187,79,70.0,66.0,66.0,69.0,73.0
228369,64,182,77,64.0,62.0,60.0,65.0,63.0
228456,62,187,83,58.0,65.0,57.0,63.0,67.0
224953,66,193,87,66.0,67.0,66.0,63.0,67.0
225868,66,185,81,68.0,70.0,69.0,61.0,65.0
225678,65,182,78,63.0,66.0,67.0,63.0,64.0
224846,68,185,74,70.0,65.0,60.0,67.0,73.0
226524,60,193,79,58.0,60.0,59.0,59.0,63.0
226423,55,182,68,57.0,51.0,51.0,51.0,57.0
223709,66,187,79,68.0,62.0,59.0,66.0,72.0
224475,65,187,81,65.0,64.0,66.0,65.0,65.0
224247,58,187,78,60.0,57.0,54.0,56.0,60.0
224273,65,185,78,68.0,61.0,57.0,64.0,64.0
224130,65,193,72,67.0,63.0,60.0,62.0,65.0
223509,62,198,84,60.0,61.0,63.0,61.0,64.0
223957,66,190,91,66.0,63.0,62.0,62.0,69.0
224204,64,190,87,64.0,62.0,59.0,62.0,65.0
223868,63,182,78,63.0,60.0,65.0,64.0,63.0
224761,64,187,84,,62.0,,,
223738,67,187,79,69.0,66.0,65.0,63.0,65.0
223041,63,195,92,63.0,61.0,60.0,63.0,66.0
222820,59,187,78,61.0,56.0,56.0,55.0,62.0
222503,57,185,73,61.0,55.0,56.0,53.0,60.0
222229,63,185,83,61.0,61.0,62.0,62.0,67.0
221909,66,193,83,62.0,66.0,69.0,65.0,67.0
223107,66,190,81,68.0,66.0,60.0,65.0,66.0
222639,67,187,73,67.0,66.0,59.0,64.0,71.0
222024,63,190,82,64.0,60.0,59.0,61.0,65.0
222900,71,190,87,74.0,67.0,66.0,65.0,76.0
222176,57,195,84,58.0,50.0,60.0,58.0,59.0
220820,59,198,97,59.0,56.0,56.0,57.0,61.0
221844,62,187,79,58.0,62.0,63.0,63.0,59.0
220542,64,182,79,66.0,63.0,66.0,62.0,66.0
221845,61,190,84,59.0,55.0,64.0,63.0,63.0
219783,61,182,81,70.0,55.0,51.0,52.0,65.0
216833,61,187,73,61.0,59.0,58.0,58.0,62.0
216805,64,175,73,66.0,61.0,59.0,59.0,68.0
218387,62,190,83,61.0,59.0,58.0,62.0,64.0
218867,71,154,78,74.0,73.0,61.0,68.0,71.0
219482,61,190,69,59.0,60.0,65.0,58.0,65.0
217646,69,182,81,68.0,66.0,73.0,69.0,72.0
218593,58,187,72,61.0,56.0,57.0,54.0,59.0
219983,64,190,83,64.0,62.0,57.0,61.0,70.0
214933,69,182,79,70.0,64.0,71.0,65.0,73.0
216478,64,187,86,63.0,61.0,63.0,62.0,65.0
215546,63,190,81,66.0,62.0,60.0,58.0,63.0
213719,64,193,86,64.0,62.0,62.0,66.0,62.0
214187,68,182,83,70.0,65.0,59.0,64.0,71.0
214440,65,154,76,63.0,65.0,63.0,60.0,68.0
214680,70,185,78,72.0,67.0,66.0,70.0,72.0
213589,63,182,82,64.0,61.0,60.0,65.0,65.0
214274,68,154,79,74.0,62.0,68.0,63.0,69.0
212022,64,185,76,64.0,66.0,60.0,67.0,59.0
211697,64,187,76,65.0,67.0,64.0,60.0,68.0
212178,59,190,87,62.0,56.0,58.0,59.0,59.0
211883,63,190,89,62.0,60.0,57.0,62.0,66.0
212979,58,190,86,59.0,56.0,55.0,53.0,63.0
212632,70,154,76,71.0,66.0,65.0,70.0,72.0
210776,60,190,88,59.0,58.0,56.0,57.0,60.0
210174,59,182,77,63.0,56.0,54.0,59.0,62.0
210347,68,193,97,70.0,61.0,61.0,67.0,73.0
211053,67,187,78,71.0,63.0,65.0,65.0,68.0
211398,69,190,87,73.0,64.0,59.0,70.0,72.0
210772,65,193,87,68.0,63.0,60.0,64.0,62.0
210428,64,195,88,66.0,58.0,63.0,63.0,67.0
210508,62,185,84,63.0,54.0,58.0,60.0,71.0
210509,65,185,76,66.0,63.0,62.0,65.0,70.0
210835,65,187,89,61.0,63.0,47.0,61.0,74.0
209027,62,154,69,62.0,60.0,54.0,60.0,67.0
209318,62,182,81,60.0,58.0,63.0,58.0,65.0
209512,68,193,86,66.0,68.0,75.0,65.0,68.0
208616,68,154,79,71.0,66.0,63.0,62.0,70.0
209830,69,185,81,70.0,65.0,62.0,67.0,71.0
209467,69,182,74,67.0,73.0,63.0,70.0,68.0
208214,65,193,84,63.0,64.0,65.0,66.0,64.0
205861,51,182,73,51.0,48.0,45.0,51.0,53.0
207708,64,195,89,66.0,64.0,58.0,64.0,65.0
206500,61,182,71,61.0,60.0,60.0,58.0,64.0
205352,67,190,79,69.0,65.0,66.0,68.0,69.0
206165,65,187,88,65.0,66.0,60.0,65.0,67.0
206402,68,195,91,69.0,70.0,64.0,70.0,68.0
207712,67,185,81,67.0,66.0,63.0,65.0,67.0
206032,65,190,79,64.0,69.0,59.0,60.0,66.0
207610,66,193,83,65.0,64.0,61.0,66.0,70.0
203477,68,187,78,67.0,64.0,67.0,68.0,73.0
204367,69,187,79,67.0,71.0,63.0,68.0,69.0
203423,70,190,91,71.0,67.0,62.0,66.0,73.0
204881,64,195,69,70.0,61.0,59.0,60.0,66.0
203815,65,185,76,64.0,65.0,62.0,66.0,65.0
202244,61,187,93,65.0,60.0,64.0,54.0,64.0
203034,65,190,83,68.0,59.0,58.0,66.0,70.0
202215,66,195,83,68.0,65.0,60.0,68.0,65.0
201352,67,187,82,67.0,62.0,65.0,64.0,70.0
199730,64,182,72,,65.0,62.0,,64.0
201082,66,193,78,68.0,63.0,64.0,66.0,68.0
199764,67,182,86,70.0,65.0,64.0,63.0,68.0
200076,67,187,87,68.0,67.0,62.0,65.0,66.0
199839,63,193,78,66.0,60.0,50.0,60.0,70.0
200698,68,187,87,69.0,60.0,68.0,65.0,72.0
199259,59,187,79,59.0,59.0,61.0,60.0,56.0
199006,50,190,87,52.0,49.0,50.0,52.0,51.0
198285,65,190,84,67.0,62.0,63.0,61.0,69.0
199339,72,185,83,72.0,68.0,71.0,70.0,74.0
198653,73,185,79,75.0,70.0,72.0,72.0,77.0
198511,68,195,89,70.0,65.0,66.0,68.0,70.0
199457,54,182,78,54.0,52.0,50.0,57.0,55.0
194272,67,182,83,66.0,64.0,78.0,65.0,70.0
193244,66,187,92,65.0,66.0,64.0,66.0,66.0
195357,70,195,103,70.0,69.0,65.0,72.0,69.0
193302,70,190,82,71.0,65.0,61.0,67.0,73.0
193277,71,182,81,69.0,68.0,75.0,69.0,74.0
193411,67,154,78,65.0,64.0,61.0,66.0,71.0
194679,59,190,88,61.0,59.0,63.0,56.0,57.0
193241,69,187,79,67.0,71.0,66.0,,73.0
193781,62,185,78,62.0,59.0,63.0,62.0,63.0
194892,63,182,74,63.0,60.0,64.0,63.0,66.0
191042,66,190,92,73.0,66.0,60.0,64.0,67.0
190792,66,182,83,69.0,61.0,65.0,63.0,70.0
192792,67,187,88,68.0,62.0,69.0,66.0,69.0
190169,66,193,102,68.0,63.0,60.0,64.0,65.0
189955,64,193,93,64.0,63.0,62.0,64.0,64.0
187619,63,190,87,64.0,60.0,64.0,64.0,64.0
187336,59,195,94,62.0,53.0,56.0,58.0,64.0
188597,67,185,79,,66.0,58.0,69.0,
188248,63,187,79,64.0,60.0,60.0,63.0,66.0
187218,67,182,78,65.0,67.0,66.0,65.0,71.0
186953,77,187,73,78.0,74.0,67.0,75.0,81.0
184781,69,187,79,69.0,63.0,61.0,71.0,72.0
183549,62,187,83,63.0,62.0,61.0,58.0,64.0
184802,60,187,74,67.0,54.0,44.0,55.0,66.0
183827,65,190,87,65.0,65.0,66.0,62.0,66.0
183477,63,195,88,65.0,61.0,64.0,64.0,63.0
184084,67,187,81,66.0,68.0,65.0,65.0,69.0
184158,61,185,73,64.0,62.0,61.0,58.0,60.0
183070,61,185,87,58.0,59.0,38.0,64.0,62.0
179685,66,190,107,67.0,61.0,71.0,69.0,66.0
179684,65,154,78,64.0,62.0,61.0,68.0,61.0
182422,63,193,83,61.0,59.0,70.0,59.0,70.0
182105,77,190,86,77.0,72.0,76.0,77.0,80.0
182359,59,185,76,57.0,55.0,61.0,59.0,58.0
175141,65,185,86,67.0,58.0,64.0,65.0,70.0
176578,58,182,74,58.0,54.0,52.0,53.0,64.0
176922,64,190,82,70.0,53.0,65.0,64.0,66.0
176844,61,190,77,61.0,60.0,60.0,57.0,62.0
175934,69,185,69,69.0,68.0,64.0,68.0,70.0
176526,72,187,81,71.0,70.0,68.0,72.0,71.0
171019,61,187,89,56.0,61.0,63.0,65.0,58.0
169415,64,185,83,71.0,54.0,60.0,63.0,66.0
168297,73,190,89,70.0,70.0,59.0,78.0,74.0
172104,61,185,82,56.0,59.0,65.0,66.0,63.0
170448,67,190,86,66.0,65.0,57.0,66.0,67.0
170877,62,187,93,64.0,60.0,61.0,59.0,60.0
171146,71,187,83,71.0,67.0,65.0,67.0,77.0
167803,65,190,93,66.0,65.0,64.0,62.0,65.0
169423,69,193,92,65.0,69.0,77.0,64.0,79.0
164041,71,190,87,69.0,77.0,61.0,67.0,68.0
162901,65,195,92,66.0,67.0,63.0,64.0,63.0
165769,74,185,78,76.0,74.0,68.0,69.0,75.0
163890,69,185,82,64.0,75.0,77.0,72.0,67.0
160295,66,187,91,65.0,65.0,64.0,67.0,64.0
163616,68,154,83,66.0,66.0,63.0,64.0,70.0
165502,62,182,78,63.0,62.0,61.0,57.0,63.0
166451,67,193,88,69.0,67.0,61.0,61.0,70.0
165493,70,190,87,71.0,70.0,68.0,67.0,70.0
166764,68,185,84,69.0,68.0,63.0,68.0,66.0
157734,67,193,87,68.0,64.0,59.0,68.0,70.0
148634,63,195,92,57.0,67.0,61.0,75.0,55.0
149721,63,187,87,62.0,64.0,59.0,64.0,61.0
152181,66,195,94,65.0,64.0,64.0,63.0,67.0
156920,67,193,96,70.0,61.0,66.0,66.0,68.0
152456,64,187,87,64.0,62.0,60.0,63.0,64.0
156438,64,193,87,63.0,65.0,61.0,66.0,60.0
140257,74,182,68,77.0,73.0,68.0,72.0,77.0
144024,62,187,84,64.0,60.0,52.0,61.0,64.0
137832,73,190,86,75.0,72.0,68.0,73.0,74.0
146660,74,187,87,74.0,71.0,86.0,73.0,78.0
139094,78,187,79,81.0,76.0,71.0,75.0,82.0
137692,65,198,102,57.0,67.0,70.0,65.0,71.0
137160,67,190,89,66.0,64.0,64.0,64.0,67.0
138292,67,193,97,61.0,67.0,68.0,75.0,67.0
137166,61,190,83,61.0,58.0,61.0,61.0,62.0
147794,75,185,76,75.0,72.0,70.0,75.0,78.0
136686,68,182,86,62.0,71.0,60.0,68.0,68.0
110606,66,187,93,64.0,68.0,62.0,67.0,64.0
135466,70,193,94,71.0,,64.0,74.0,
110974,71,185,78,71.0,73.0,67.0,71.0,69.0
116914,73,193,89,73.0,70.0,69.0,75.0,74.0
135377,80,187,89,78.0,79.0,71.0,78.0,82.0
53748,46,187,86,43.0,47.0,43.0,47.0,44.0
104900,59,187,88,53.0,63.0,38.0,62.0,57.0
135587,69,190,86,70.0,69.0,65.0,67.0,66.0
116335,67,187,76,66.0,71.0,69.0,70.0,65.0
101880,70,187,92,70.0,70.0,57.0,70.0,71.0
101473,69,190,83,70.0,64.0,63.0,69.0,70.0
8247,72,182,74,71.0,70.0,77.0,80.0,63.0
12011,68,187,83,67.0,68.0,61.0,69.0,70.0
50530,69,187,86,,73.0,72.0,,
50763,69,187,91,66.0,72.0,71.0,74.0,63.0
53012,68,193,110,55.0,72.0,53.0,73.0,75.0
1001,69,193,91,71.0,70.0,60.0,71.0,68.0
805,79,190,87,77.0,,75.0,88.0,
684,73,193,94,70.0,73.0,67.0,78.0,69.0
5594,77,185,78,76.0,76.0,77.0,77.0,77.0
